frame,blit,compute,drawCaps,drawSides,gBuffer,shading
0,0.00045424,0.0009056,0.00188304,0.002968,0.0132333,0.0003216
1,0.00031776,0.00044352,0.00160128,0.00253904,0.00774656,0.0002568
2,0.00029152,0.000408,0.00154704,0.00242128,0.00631792,0.00024208
3,0.00028528,0.00059008,0.00150176,0.00243744,0.00617152,0.00023616
4,0.00027424,0.00040768,0.00146272,0.00230864,0.00607824,0.00022832
5,0.00026224,0.00039344,0.00144416,0.00234688,0.00600592,0.000228
6,0.00026592,0.00041056,0.00145248,0.00242288,0.00602768,0.00023552
7,0.00026512,0.00039168,0.0014552,0.00248144,0.00605024,0.00023312
8,0.00025984,0.00041488,0.00146528,0.00261216,0.00608592,0.00022816
9,0.00026912,0.00039376,0.00146976,0.00270944,0.0061056,0.00023232
10,0.0002656,0.00039776,0.00148144,0.00282832,0.00615616,0.00023312
11,0.0002688,0.0004096,0.0014768,0.00297568,0.00618704,0.00023344
12,0.0002656,0.00055904,0.00149392,0.0030648,0.0062392,0.00023216
13,0.0002648,0.0004152,0.0015056,0.0032248,0.00632176,0.00023232
14,0.00026304,0.0004192,0.00152224,0.00330256,0.0063344,0.00023264
15,0.0002632,0.00040672,0.00153488,0.0034384,0.00637872,0.00023424
16,0.00026528,0.00040624,0.00153936,0.0035536,0.00646528,0.00023296
17,0.00026496,0.00041008,0.0015432,0.0036592,0.00650272,0.00023376
18,0.00026176,0.00040704,0.00155232,0.00366496,0.00657744,0.00022736
19,0.00025536,0.00040528,0.0015632,0.00371856,0.00657536,0.00023312
20,0.0002576,0.00041232,0.00156768,0.00378336,0.00658208,0.00023232
21,0.0002608,0.00041792,0.0015816,0.00381424,0.0066216,0.00022768
22,0.00026,0.00039056,0.00158752,0.003976,0.00661456,0.00023344
23,0.00025904,0.0004184,0.00158688,0.0040072,0.00663696,0.00023248
24,0.00026496,0.00041904,0.00157808,0.00411952,0.00667776,0.00022688
25,0.000256,0.00041968,0.00157648,0.00422864,0.00668528,0.00023344
26,0.00026032,0.0004136,0.00159408,0.00429696,0.00672288,0.0002344
27,0.00025488,0.00040432,0.00157936,0.00445072,0.00675104,0.00022864
28,0.00024944,0.00040256,0.00158704,0.00457248,0.00678864,0.00022848
29,0.00025248,0.00042064,0.00159136,0.00457792,0.00685264,0.00023312
30,0.00025056,0.00040816,0.00159936,0.00482256,0.00686176,0.00022976
31,0.00025232,0.00040832,0.00161136,0.00493184,0.00686992,0.00023568
32,0.00024992,0.00042128,0.00163936,0.00513456,0.0069008,0.00023472
33,0.00024864,0.00041312,0.0016448,0.00525792,0.00687056,0.0002352
34,0.0002464,0.0003864,0.0016624,0.00545312,0.00688176,0.00023552
35,0.0002456,0.0004184,0.00167488,0.00545344,0.00688512,0.0002368
36,0.0002424,0.00041728,0.00168432,0.0055824,0.006944,0.00023744
37,0.00024048,0.00041376,0.00168896,0.00577008,0.00694512,0.00023728
38,0.00023792,0.00040256,0.0017008,0.00574688,0.00695136,0.00023264
39,0.00023568,0.000404,0.00170512,0.00569712,0.00692544,0.00023808
40,0.00023744,0.00037472,0.00170288,0.00544464,0.00687296,0.00023824
41,0.0002432,0.00039328,0.00170336,0.00550064,0.00687088,0.00023648
42,0.00024544,0.00040944,0.00168096,0.00523888,0.00673968,0.0002336
43,0.00024592,0.00040848,0.00167632,0.00512832,0.00672128,0.00023392
44,0.00024608,0.00041264,0.00167136,0.0049496,0.00674288,0.00022992
45,0.00024944,0.00039168,0.00166624,0.00473536,0.00670688,0.00023328
46,0.00024432,0.00041696,0.00163232,0.00467104,0.00667808,0.00023376
47,0.00024992,0.00037136,0.00160816,0.00456416,0.00663824,0.00022992
48,0.00025984,0.00039552,0.00163008,0.0046016,0.00681536,0.0002304
49,0.00026512,0.00041216,0.00161792,0.00479392,0.00683616,0.00023248
50,0.00026544,0.00040416,0.0016248,0.00480304,0.0068736,0.00023216
51,0.00025888,0.00041072,0.00162464,0.00498992,0.00689168,0.0002328
52,0.00025616,0.00040128,0.00160016,0.00506496,0.00677648,0.00022848
53,0.00026144,0.00037152,0.00161168,0.00513984,0.00675408,0.00023344
54,0.00026368,0.00040832,0.00161216,0.00536448,0.00676176,0.00023216
55,0.00025968,0.00039616,0.0016104,0.0053344,0.0067032,0.00023168
56,0.0002632,0.00041472,0.00162576,0.00542016,0.00674224,0.0002328
57,0.00026,0.00041056,0.00162032,0.00566912,0.00673088,0.00023296
58,0.00026224,0.00040112,0.00162512,0.00564896,0.00670384,0.00023312
59,0.0002608,0.0004056,0.00163408,0.00575008,0.0066752,0.00023376
60,0.00026256,0.00041968,0.0016328,0.0058856,0.0066392,0.00023216
61,0.00025408,0.00055904,0.00163712,0.00598288,0.00664032,0.00023248
62,0.00025824,0.0004112,0.00163904,0.00611136,0.00662448,0.00023248
63,0.00025552,0.00053424,0.0016376,0.006128,0.0066224,0.000232
64,0.0002568,0.00039968,0.00164448,0.00631312,0.00663104,0.00023328
65,0.00026048,0.00041728,0.00165184,0.00654448,0.00664224,0.0002336
66,0.00025696,0.0004192,0.00165552,0.006676,0.00669472,0.000232
67,0.00025648,0.00041808,0.00166768,0.00679952,0.00671184,0.00023184
68,0.00025552,0.00041888,0.00168048,0.00697936,0.00673648,0.00022768
69,0.00025584,0.00039808,0.0016848,0.00699872,0.00675744,0.00023232
70,0.0002544,0.00041232,0.00169376,0.00730736,0.00678992,0.00023456
71,0.000256,0.00039808,0.00169472,0.00741424,0.00679184,0.00023376
72,0.00025344,0.00040576,0.00168832,0.00760448,0.00682176,0.00023456
73,0.00025248,0.00039728,0.00170848,0.00771648,0.00684048,0.0002336
74,0.00024896,0.00041184,0.00171312,0.0078584,0.00687504,0.00023376
75,0.00024672,0.00041088,0.00171568,0.00797936,0.00690208,0.00023472
76,0.0002488,0.00040448,0.00171712,0.00801248,0.00697952,0.00022928
77,0.00025056,0.00039872,0.00171712,0.00810768,0.00687648,0.00023296
78,0.00025008,0.00039456,0.00171008,0.00806768,0.00675552,0.0002336
79,0.00024992,0.00041648,0.00169376,0.00796304,0.00666928,0.00023344
80,0.00025056,0.00042064,0.00167664,0.00800976,0.00654192,0.0002296
81,0.00025024,0.00041072,0.00166992,0.0079952,0.006372,0.00023248
82,0.00025344,0.00041568,0.0016784,0.0080288,0.0063088,0.00023216
83,0.00025536,0.00042224,0.00166576,0.00795952,0.00612816,0.00023216
84,0.00024192,0.00040688,0.0016624,0.00795136,0.00605488,0.0002336
85,0.00024416,0.0003824,0.00166192,0.0079144,0.00593264,0.0002336
86,0.0002432,0.00039904,0.0016664,0.00783376,0.00600768,0.00023504
87,0.00025456,0.00037824,0.0016768,0.007788,0.00606176,0.00022864
88,0.00026176,0.00040784,0.0016904,0.00752864,0.00605632,0.00023344
89,9.248e-05,0.00036816,0.00166944,0.0072608,0.00529616,0.00024416
90,9.072e-05,0.00041952,0.00166352,0.00726592,0.00522512,0.00024464
91,0.000252,0.00041344,0.00158544,0.00738352,0.0060848,0.00023216
92,0.00025024,0.00042432,0.0015392,0.00724176,0.00631824,0.00023216
93,0.000256,0.00040928,0.0015384,0.00716512,0.0062528,0.0002328
94,0.00025296,0.00041536,0.00153136,0.00723376,0.0062664,0.00023264
95,0.00025312,0.0004008,0.0015304,0.00727056,0.0062664,0.00023456
96,0.00025456,0.00038528,0.00152736,0.00719888,0.00624848,0.00023392
97,0.00025216,0.00041808,0.0015216,0.00732304,0.00623552,0.00023136
98,0.000252,0.00058576,0.00152176,0.00740752,0.00622496,0.00023504
99,0.00025184,0.0004152,0.00151104,0.00749216,0.00621968,0.0002288
100,0.00025232,0.0004184,0.00151152,0.00750896,0.00620016,0.00023344
101,0.00025152,0.00040416,0.00150384,0.00770688,0.00618752,0.00023376
102,0.00025392,0.00040832,0.00150064,0.00784352,0.00615776,0.00023056
103,0.0002496,0.0003992,0.0015056,0.00790048,0.00613248,0.00023248
104,0.00024784,0.00040368,0.00150736,0.00810976,0.00612144,0.0002304
105,0.00024752,0.00039744,0.00149936,0.00827248,0.00610704,0.00022912
106,0.000244,0.00040048,0.00150048,0.00827728,0.00608272,0.0002272
107,0.00023632,0.00040176,0.00148864,0.008608,0.00602128,0.00023568
108,0.00024336,0.00041024,0.0014848,0.0087528,0.00598192,0.00023184
109,0.00023776,0.00039792,0.00146992,0.00887168,0.00592416,0.00023216
110,0.00023696,0.0004136,0.0014768,0.0091568,0.00587856,0.00022832
111,0.0002336,0.0003856,0.00148224,0.00942496,0.00586528,0.000228
112,0.00023296,0.00039952,0.00148832,0.00965552,0.00586352,0.00023376
113,0.00023296,0.00037008,0.0014968,0.00978352,0.00586416,0.00023184
114,0.00023344,0.00038512,0.00150256,0.0101312,0.00580064,0.00023168
115,0.00023056,0.00038688,0.00149824,0.0103603,0.00576464,0.00022704
116,0.00023184,0.00039456,0.00150336,0.0106485,0.00572704,0.0002288
117,0.0002264,0.00039776,0.00149776,0.0107915,0.00568704,0.000228
118,0.00022768,0.00040288,0.00150352,0.0110778,0.00565472,0.00022992
119,0.00022928,0.00039472,0.0015152,0.0115117,0.0056888,0.00023312
120,0.0002272,0.00039408,0.00153136,0.011804,0.0057064,0.00023296
121,0.00022736,0.00040064,0.00154576,0.0120936,0.005728,0.00023152
122,0.000224,0.0003808,0.00155456,0.0125803,0.00576416,0.00022848
123,0.00022464,0.00039984,0.00156512,0.0128867,0.00577872,0.000232
124,0.00022112,0.00039024,0.00157968,0.0132266,0.00580448,0.00023264
125,0.00022128,0.00039312,0.00158576,0.0135859,0.00585728,0.00023264
126,0.0002136,0.00039968,0.00159728,0.0138202,0.00587696,0.00023248
127,0.00028096,0.0007744,0.00158352,0.0142181,0.00590912,0.00024928
128,0.00021008,0.0003896,0.00159328,0.0146386,0.00687824,0.00022624
129,0.00020976,0.00040064,0.00160208,0.0149738,0.00596224,0.00023232
130,0.00021312,0.00040656,0.00160496,0.015208,0.00597232,0.00023312
131,0.00021104,0.00040944,0.00160832,0.0155525,0.00597952,0.00023104
132,0.0002088,0.00040016,0.0016144,0.0160035,0.00596512,0.00023264
133,0.0002056,0.00039504,0.0016032,0.0163139,0.0059608,0.00022784
134,0.0002016,0.0003984,0.00159632,0.0166997,0.00593616,0.00023504
135,0.00019984,0.00038528,0.001584,0.0171637,0.00594016,0.00023312
136,0.0002,0.00040336,0.00157536,0.0171478,0.00591376,0.00023184
137,0.0001976,0.00040256,0.00158096,0.0175098,0.0058904,0.00022832
138,0.00019488,0.00038624,0.00157712,0.0178189,0.0058984,0.00023232
139,0.0001928,0.00037872,0.00156128,0.0181056,0.00588048,0.00023296
140,0.00018816,0.00040304,0.00156656,0.0179875,0.00587088,0.00023168
141,0.00018,0.0003832,0.0015552,0.0182738,0.00589136,0.00023408
142,0.00017952,0.00041856,0.00155936,0.0181267,0.00592608,0.000232
143,0.0001752,0.00042256,0.001568,0.0182234,0.00596704,0.00023088
144,0.00016944,0.00042144,0.00156992,0.0182557,0.00598352,0.00023392
145,0.00016208,0.00040704,0.00157744,0.0181768,0.00599232,0.00023184
146,0.00016464,0.0004032,0.00157168,0.0180379,0.00599088,0.00023264
147,0.000164,0.00040992,0.00157184,0.0178317,0.00595376,0.00023312
148,0.00016128,0.00042096,0.00156928,0.0174629,0.00595264,0.00022816
149,0.00015408,0.00042544,0.00157248,0.0172192,0.00594288,0.0002328
150,0.0001528,0.00042512,0.00156064,0.0169802,0.00595824,0.0002328
151,0.00015488,0.000412,0.00154784,0.0169642,0.0059776,0.00023216
152,0.00015184,0.00040416,0.00153968,0.0165984,0.0059848,0.000232
153,0.0001504,0.00042624,0.0015376,0.0165387,0.00597936,0.000232
154,0.0001472,0.00040608,0.00153952,0.0166939,0.00601456,0.00023168
155,0.00014368,0.000396,0.00152928,0.0166054,0.006072,0.00023344
156,0.00014144,0.0004192,0.00151184,0.0165565,0.006152,0.00023296
157,0.00013888,0.00041072,0.00150992,0.0166834,0.00620304,0.00023616
158,0.0001352,0.00039616,0.00149664,0.0166138,0.00621072,0.00023568
159,0.00012656,0.00042384,0.0014944,0.0165672,0.00620016,0.00023712
160,0.00011984,0.00040016,0.00148144,0.016615,0.00616256,0.00023952
161,0.0001128,0.0003808,0.00146864,0.0165466,0.00609232,0.00023952
162,0.00010048,0.00041408,0.00146416,0.0165467,0.00605104,0.00023856
163,9.312e-05,0.00036832,0.00146208,0.0164962,0.0060088,0.0002384
164,8.816e-05,0.00056976,0.00145872,0.0166118,0.00596464,0.00023952
165,8.976e-05,0.00054544,0.00146048,0.0169107,0.00594096,0.00024608
166,9.104e-05,0.0004224,0.00146032,0.017055,0.0059096,0.00024512
167,9.088e-05,0.00041216,0.00146192,0.0176461,0.00589264,0.00024096
168,8.944e-05,0.00041424,0.00147248,0.0176051,0.0058648,0.00024464
169,8.944e-05,0.00041344,0.00148832,0.0179019,0.0058688,0.00024048
170,9.072e-05,0.00040864,0.00149008,0.017773,0.00584352,0.00024144
171,9.024e-05,0.00041008,0.00148704,0.0173814,0.00582656,0.00024528
172,9.04e-05,0.00042832,0.00148016,0.0167738,0.00578288,0.00024512
173,9.008e-05,0.00041152,0.00148832,0.0166806,0.00577328,0.00024384
174,9.04e-05,0.0003744,0.00150016,0.01636,0.00577472,0.00024464
175,9.072e-05,0.00040496,0.0015024,0.016412,0.00579232,0.00024512
176,9.152e-05,0.00041872,0.00151648,0.0163766,0.0058456,0.00024512
177,9.12e-05,0.00041712,0.0015232,0.0165019,0.0058352,0.00024368
178,8.976e-05,0.00041168,0.00154,0.0166941,0.00587472,0.000244
179,9.152e-05,0.00042128,0.00154448,0.0169266,0.00582864,0.0002392
180,8.704e-05,0.00042688,0.00156816,0.0172546,0.00573888,0.00023904
181,9.12e-05,0.00041728,0.00157088,0.0175864,0.00574608,0.00024304
182,9.104e-05,0.00039408,0.00159824,0.0180778,0.00586064,0.00024336
183,9.264e-05,0.00042736,0.0016536,0.0182424,0.00605744,0.00024464
184,9.04e-05,0.00041328,0.00168976,0.0182445,0.00619328,0.0002432
185,9.104e-05,0.00039392,0.00171472,0.0180205,0.00631344,0.0002448
186,9.056e-05,0.00040144,0.00169728,0.0177853,0.00634784,0.00024352
187,9.104e-05,0.00042048,0.0017232,0.0173994,0.00637632,0.00024432
188,9.072e-05,0.00039328,0.00172128,0.0172611,0.00644064,0.00024336
189,9.104e-05,0.00041824,0.00175088,0.0170344,0.00647792,0.0002448
190,9.024e-05,0.00040752,0.001752,0.0171389,0.00651824,0.0002408
191,8.816e-05,0.00040816,0.00176384,0.016807,0.00653808,0.00024416
192,8.72e-05,0.00042192,0.00177168,0.0169613,0.00657536,0.00024512
193,8.704e-05,0.0004008,0.0017784,0.0170734,0.00662,0.00024416
194,8.8e-05,0.00041072,0.00180928,0.0171539,0.00665056,0.00024288
195,9.152e-05,0.00040128,0.00181376,0.0172597,0.00667952,0.00023952
196,8.752e-05,0.0004,0.00183648,0.0171872,0.00673456,0.00024384
197,8.816e-05,0.00041488,0.00185296,0.0169147,0.0067864,0.00024432
198,8.896e-05,0.0004072,0.00186608,0.0169002,0.0068024,0.00024272
199,8.896e-05,0.00042272,0.00187728,0.0165933,0.00681424,0.00024336
200,9.456e-05,0.00038352,0.00187792,0.0165875,0.00681776,0.00024512
201,9.2e-05,0.00041968,0.0018864,0.0162946,0.0068352,0.0002432
202,9.504e-05,0.0004008,0.00188128,0.0163163,0.0068704,0.00024592
203,9.568e-05,0.00040896,0.00189504,0.0161958,0.00692432,0.000244
204,9.408e-05,0.0004096,0.001904,0.0160296,0.00696096,0.00024416
205,9.648e-05,0.000416,0.00189376,0.0158826,0.00700864,0.00024352
206,9.648e-05,0.00040304,0.0019,0.0160853,0.00705712,0.00024416
207,9.744e-05,0.00041664,0.00190256,0.0158643,0.00711632,0.0002424
208,9.856e-05,0.00041056,0.00189616,0.015737,0.00714848,0.00024256
209,0.0001,0.0004088,0.00190048,0.0155723,0.00717152,0.00024224
210,0.00010112,0.00042176,0.00190016,0.0155418,0.00725392,0.00024144
211,0.00010208,0.00040624,0.00189664,0.0154899,0.00725584,0.00024176
212,9.856e-05,0.00039536,0.00189616,0.0156946,0.00725488,0.00023712
213,0.00010512,0.00041648,0.00189872,0.0156432,0.0072832,0.0002416
214,0.00010144,0.00040928,0.00189584,0.0157749,0.00727168,0.00023488
215,0.00010912,0.00041904,0.00188688,0.0157446,0.00731824,0.00024112
216,0.00010656,0.00041648,0.00189616,0.0156618,0.00728384,0.00024096
217,0.0001152,0.00040032,0.00190272,0.0158579,0.00726896,0.00023936
218,0.00010992,0.00041008,0.00190864,0.0157544,0.00724752,0.00024064
219,0.0001168,0.00039152,0.00192064,0.0157947,0.0072136,0.00023792
220,0.00011264,0.00042656,0.00193248,0.0156866,0.00719136,0.00024
221,0.0001192,0.00042672,0.00193216,0.0156995,0.00721312,0.0002392
222,0.00011696,0.00036352,0.00194,0.0158245,0.00726496,0.00024
223,0.00011168,0.000424,0.00194688,0.0156739,0.00717712,0.0002432
224,0.00010432,0.00040304,0.00194512,0.015819,0.00719664,0.00024128
225,0.00010064,0.000376,0.00194672,0.0158269,0.00718352,0.00023824
226,0.00010016,0.00041744,0.00195168,0.0156742,0.00721792,0.00023872
227,9.424e-05,0.0004272,0.00194256,0.015597,0.00725792,0.00024368
228,9.328e-05,0.00040976,0.00194848,0.0156586,0.00727152,0.00024128
229,9.36e-05,0.00040496,0.00194512,0.0156278,0.0073368,0.00024272
230,0.00010064,0.00042288,0.0019336,0.0155829,0.00739664,0.00024208
231,9.68e-05,0.00040736,0.00193264,0.0156835,0.00747344,0.00023584
232,0.0001008,0.00040096,0.00193936,0.0156818,0.007476,0.00024096
233,9.984e-05,0.0004248,0.00193184,0.0157995,0.00752128,0.0002408
234,9.984e-05,0.00041488,0.00193104,0.0158846,0.00752368,0.00024128
235,9.952e-05,0.00040032,0.00192944,0.0159403,0.00756656,0.00023552
236,0.00010048,0.00040288,0.00193584,0.0158794,0.00758016,0.00024224
237,0.00010112,0.00041072,0.00193792,0.0155398,0.00756832,0.00023696
238,0.0001032,0.000428,0.00193456,0.0151939,0.007604,0.00024096
239,0.00010016,0.00040864,0.00193344,0.0151197,0.00753104,0.00024064
240,0.0001056,0.00038128,0.00193344,0.0151672,0.00751888,0.00024032
241,0.00010688,0.00041376,0.00194416,0.0149598,0.00752144,0.00023968
242,0.00010224,0.00040576,0.00193552,0.0149366,0.00746448,0.0002416
243,0.00010352,0.0004088,0.0019416,0.0149195,0.0073208,0.0002416
244,9.936e-05,0.0003952,0.00193376,0.014851,0.00728336,0.00024384
245,9.216e-05,0.00041056,0.00193888,0.0146835,0.00727808,0.00023872
246,9.488e-05,0.00042304,0.00192032,0.0146938,0.00723872,0.00023712
247,9.376e-05,0.00041584,0.00192528,0.0148677,0.0072272,0.000244
248,9.232e-05,0.00056544,0.0019144,0.0146504,0.0071888,0.00023904
249,8.944e-05,0.00041712,0.00191584,0.0144904,0.00712336,0.00024368
250,9.056e-05,0.00039472,0.00189472,0.014559,0.00709856,0.000244
251,9.056e-05,0.00056704,0.00189056,0.0146051,0.00708928,0.00024528
252,8.64e-05,0.00041408,0.00187264,0.0148323,0.00702112,0.00023856
253,8.736e-05,0.0003744,0.00184992,0.015016,0.00700272,0.00024016
254,9.28e-05,0.00042864,0.00183984,0.0152347,0.00705552,0.00024224
255,9.344e-05,0.0003944,0.00182736,0.0152888,0.00703296,0.0002432
256,9.584e-05,0.00041024,0.00181792,0.0154438,0.00702928,0.00024032
257,9.504e-05,0.0004184,0.00181232,0.015544,0.00702656,0.00024624
258,9.584e-05,0.00045408,0.00180752,0.015735,0.00700752,0.00023904
259,9.488e-05,0.00041584,0.00181136,0.0160245,0.00700336,0.00024432
260,9.664e-05,0.00039168,0.00179792,0.0163789,0.0069184,0.00023808
261,9.584e-05,0.00040848,0.00179792,0.0165525,0.00688592,0.00024432
262,9.056e-05,0.0003976,0.0017984,0.0169459,0.0067864,0.00024032
263,9.536e-05,0.00041616,0.00179008,0.0172163,0.00673856,0.00024368
264,9.568e-05,0.00042544,0.0017912,0.0175406,0.00669424,0.0002432
265,9.6e-05,0.00039184,0.00178512,0.0179643,0.00663136,0.00024464
266,9.088e-05,0.00040544,0.00178912,0.018423,0.00665232,0.00023872
267,9.424e-05,0.0003896,0.00177552,0.0188886,0.00661344,0.00024336
268,9.472e-05,0.00042064,0.00177584,0.0193342,0.00665616,0.00024224
269,8.896e-05,0.00040416,0.0017824,0.019756,0.00663568,0.00024288
270,8.752e-05,0.00040912,0.00178128,0.0202974,0.0066752,0.00023984
271,9.344e-05,0.00038384,0.00177904,0.0207859,0.0066776,0.00024448
272,9.264e-05,0.00044784,0.00175216,0.0213414,0.00667008,0.00024352
273,9.248e-05,0.00037968,0.0017544,0.0219248,0.0066312,0.00024352
274,9.344e-05,0.00039728,0.00173504,0.0225784,0.00654032,0.00023824
275,8.864e-05,0.00047168,0.00173504,0.0229557,0.006496,0.00024288
276,8.96e-05,0.00040656,0.00173168,0.0234018,0.00645344,0.00024432
277,9.44e-05,0.00040608,0.0017224,0.0238285,0.00636928,0.00024352
278,9.024e-05,0.00039216,0.00169904,0.0244971,0.00625184,0.00024512
279,9.712e-05,0.00040832,0.0016912,0.0248458,0.00618448,0.00024416
280,9.792e-05,0.00039584,0.00167664,0.0253235,0.00603952,0.000244
281,9.888e-05,0.00040864,0.00167664,0.0259067,0.00598928,0.00024352
282,9.76e-05,0.00042816,0.00167488,0.0264667,0.0059176,0.0002424
283,9.824e-05,0.00059104,0.00167968,0.027191,0.00589936,0.00024592
284,9.872e-05,0.00057872,0.0016728,0.0277442,0.00588912,0.000244
285,9.856e-05,0.00040336,0.00167392,0.0284595,0.00588784,0.00024512
286,9.776e-05,0.0004072,0.00167424,0.0291107,0.00587136,0.00023808
287,9.728e-05,0.00039888,0.00166976,0.0300053,0.00588064,0.00024416
288,9.792e-05,0.00042832,0.00167168,0.0305034,0.005916,0.00024416
289,9.808e-05,0.00040352,0.00167072,0.0311709,0.00592144,0.00023744
290,9.28e-05,0.0005712,0.00166624,0.0317558,0.00595264,0.00024544
291,9.856e-05,0.00040096,0.00165904,0.0322011,0.0059192,0.00024352
292,0.0001008,0.00040864,0.00165616,0.0324517,0.00592032,0.000244
293,0.0001,0.00041072,0.00164144,0.0328138,0.0059096,0.00024416
294,0.00010048,0.00040816,0.00162336,0.0331149,0.0059064,0.00024416
295,9.6e-05,0.00038112,0.00161264,0.033296,0.00587536,0.00024432
296,0.00010256,0.00066064,0.0016024,0.0334158,0.00588352,0.00024256
297,0.00010368,0.00057216,0.00158848,0.0334029,0.0058632,0.00024224
298,0.0001056,0.00039472,0.00158016,0.0334299,0.00587824,0.00024384
299,0.00010592,0.00059312,0.00157168,0.0335963,0.00589296,0.00024496
300,0.0001032,0.00040288,0.00155248,0.0337053,0.0058952,0.00024288
301,0.00010448,0.00040736,0.00153888,0.0338469,0.00592928,0.00023824
302,0.0001096,0.00057296,0.00152288,0.0340608,0.00594016,0.00024352
303,0.0001104,0.00057232,0.0015096,0.0339838,0.00591632,0.00024448
304,0.00011232,0.00039552,0.0014952,0.0339117,0.00594688,0.00023808
305,0.00011424,0.00039824,0.00149232,0.0337219,0.00601184,0.00024272
306,0.00011072,0.00056992,0.00148256,0.0334032,0.00600192,0.00024304
307,0.0001176,0.00056704,0.00146704,0.0326531,0.00594352,0.0002456
308,0.0001208,0.00042816,0.00146592,0.0317771,0.00593408,0.00024496
309,0.00012432,0.00059328,0.00143936,0.0308973,0.0058872,0.00024336
310,0.00012912,0.00057808,0.00141776,0.0298221,0.00581952,0.00024304
311,0.0001344,0.00041808,0.00141936,0.0285171,0.00578848,0.0002448
312,0.00013552,0.00059072,0.0014064,0.0272976,0.00574672,0.0002424
313,0.00014512,0.00054688,0.00139648,0.0262453,0.00568512,0.00023952
314,0.000144,0.00044784,0.00138704,0.024979,0.005648,0.00023808
315,0.00015392,0.00039424,0.00138864,0.0240294,0.0056112,0.00023776
316,0.0001552,0.00038144,0.0013928,0.0228107,0.00564672,0.0002376
317,0.00015904,0.00041808,0.00140128,0.0219229,0.0056808,0.00024064
318,0.00017248,0.00040928,0.00139168,0.02076,0.0057488,0.00023968
319,0.00017808,0.00039024,0.00139408,0.0197667,0.005816,0.00023376
320,0.00018576,0.00040752,0.00139568,0.019097,0.005864,0.00023264
321,0.00019232,0.00042512,0.00140464,0.0186085,0.00589648,0.00023088
322,0.00020192,0.00040624,0.00139584,0.0181867,0.00593136,0.00023472
323,0.00021376,0.00039072,0.00139616,0.0175554,0.0059576,0.00023328
324,0.00021952,0.00060016,0.00140016,0.0169064,0.00600304,0.00023216
325,0.00022096,0.00058656,0.00140816,0.0164251,0.00606432,0.00022816
326,0.00023024,0.00056864,0.00140976,0.0153394,0.00612608,0.00023408
327,0.00022992,0.00039792,0.00141824,0.0150192,0.00620832,0.00023136
328,0.00022624,0.0005232,0.0014328,0.0148472,0.00630352,0.00023248
329,0.00022512,0.0004192,0.00144144,0.0146182,0.00638816,0.00023248
330,0.00022416,0.00040912,0.00144512,0.0146317,0.0064896,0.00023232
331,0.00022272,0.00054272,0.00146032,0.0148067,0.00653056,0.00023216
332,0.00021872,0.00041296,0.00147376,0.0148235,0.00663856,0.00023264
333,0.00021968,0.00040992,0.00148288,0.0149864,0.00667744,0.00022608
334,0.00021888,0.00039648,0.00149216,0.0153526,0.00674016,0.00023264
335,0.0002168,0.0004184,0.0015144,0.0156723,0.00680272,0.00023376
336,0.00020784,0.000392,0.00153072,0.0162322,0.0068192,0.00022624
337,0.00020448,0.0004208,0.00153824,0.0166379,0.00678496,0.00023376
338,0.00020736,0.00040368,0.00154192,0.0172304,0.00681424,0.00023152
339,0.00020224,0.00039936,0.00153856,0.0180259,0.00682256,0.00023232
340,0.00019664,0.00041616,0.001552,0.0188782,0.00679344,0.00023552
341,0.0001992,0.00040288,0.00155904,0.0198579,0.00675312,0.0002352
342,0.00018672,0.00042656,0.00156496,0.0211976,0.00677552,0.00023088
343,0.0001816,0.00039616,0.001596,0.0221587,0.00685696,0.00023952
344,0.00017136,0.00040128,0.00164496,0.0231408,0.00697168,0.00024112
345,0.000164,0.00041744,0.0016864,0.0243139,0.00705456,0.00024528
346,0.00015808,0.00042864,0.00172112,0.0249362,0.00714272,0.0002432
347,0.00015568,0.00041616,0.00175808,0.0255051,0.00728496,0.00023872
348,0.00015488,0.00042448,0.00178,0.0264104,0.00742976,0.00023856
349,0.00015232,0.00040768,0.001808,0.0269026,0.00756416,0.00024368
350,0.0001528,0.00041184,0.00182192,0.0273971,0.0076576,0.00024432
351,0.00015248,0.00040704,0.00184144,0.0277214,0.00776928,0.00024288
352,0.00014656,0.0004024,0.00184032,0.0274134,0.00776976,0.00024368
353,0.00015344,0.000416,0.00184688,0.0272962,0.00776336,0.00024032
354,0.00015184,0.00057728,0.00185856,0.0271138,0.00774256,0.00023504
355,0.0001584,0.00041408,0.00185952,0.0268342,0.00777136,0.00023904
356,0.0001616,0.00042016,0.00190096,0.0270003,0.00779232,0.00023232
357,0.00016016,0.00039248,0.00194464,0.0274709,0.00788128,0.00023744
358,0.00016912,0.00041536,0.00198896,0.0280206,0.00790592,0.00023776
359,0.00016768,0.00039872,0.00201568,0.0286488,0.00798832,0.00023648
360,0.00017424,0.00040304,0.0020656,0.029349,0.00800336,0.00023536
361,0.00017232,0.00039952,0.00211936,0.0300058,0.00801968,0.0002344
362,0.00017664,0.00041264,0.00214192,0.0304741,0.00803232,0.00023408
363,0.00018368,0.00042768,0.00218592,0.0308395,0.00798592,0.0002328
364,0.00018784,0.00040864,0.00220176,0.0310765,0.00788016,0.00023376
365,0.00019008,0.00042224,0.00222224,0.0312002,0.00785056,0.00022656
366,0.00019296,0.00039648,0.00222048,0.0313771,0.00774432,0.00022736
367,0.00019152,0.00042912,0.00224336,0.0313734,0.00773616,0.000228
368,0.000192,0.00041344,0.002248,0.0313739,0.00769376,0.00022592
369,0.0001888,0.0004224,0.00224944,0.0313082,0.00761904,0.0002272
370,0.00018992,0.00039472,0.002252,0.0310443,0.00754672,0.00023168
371,0.00019344,0.00042176,0.00225504,0.0307621,0.00754304,0.00023088
372,0.00019536,0.00041392,0.00226768,0.030449,0.0074704,0.00022688
373,0.00019936,0.00039936,0.00226192,0.0300197,0.00742,0.00022624
374,0.0002024,0.00042928,0.00226512,0.0297098,0.00735872,0.000232
375,0.00020816,0.00040912,0.00225936,0.0292642,0.00723616,0.00023408
376,0.00021088,0.00041952,0.00225552,0.0289354,0.00712368,0.00023264
377,0.0002176,0.00042352,0.00224704,0.0287034,0.00698544,0.0002336
378,0.00022848,0.00040048,0.00224352,0.0281405,0.00682832,0.00022656
379,0.00023072,0.0004152,0.00221808,0.0276504,0.00673264,0.000232
380,0.00022704,0.00041968,0.00218832,0.0271893,0.00675552,0.000232
381,0.00022912,0.00041216,0.00217216,0.0268368,0.00672096,0.00023008
382,0.00022192,0.0004128,0.00217184,0.026512,0.0067096,0.00022544
383,0.0002216,0.0003888,0.00214448,0.0261555,0.00659488,0.00022816
384,0.00023008,0.0004104,0.00212192,0.0258122,0.00649472,0.00022608
385,0.0002336,0.0004112,0.00210656,0.0253808,0.00640976,0.00022096
386,0.00025376,0.00040688,0.00211648,0.0247467,0.00589408,0.00022864
387,0.00021152,0.00040112,0.002028,0.0243477,0.00698192,0.0002136
388,0.0002136,0.00047712,0.00199152,0.0238434,0.0070408,0.00021776
389,0.00021216,0.00042032,0.00195904,0.0231326,0.00713856,0.00021456
390,0.00021328,0.00039952,0.00193104,0.0228506,0.00707456,0.00021376
391,0.00021072,0.00039152,0.00189936,0.0225115,0.007024,0.00021456
392,0.00021728,0.00039712,0.00188688,0.0222802,0.00706528,0.00021264
393,0.00021344,0.00058016,0.00187424,0.0217146,0.0070248,0.00021408
394,0.0002208,0.00039232,0.00186256,0.021429,0.00698576,0.00020672
395,0.00021344,0.0004184,0.00184112,0.021081,0.00701312,0.00021216
396,0.00022,0.00039968,0.0018448,0.0207389,0.00710144,0.00020624
397,0.00021456,0.00041504,0.00183184,0.0205226,0.00727728,0.00021168
398,0.00021584,0.00040416,0.00182224,0.0204606,0.00734768,0.00021088
399,0.00021456,0.0004184,0.00181088,0.020349,0.00751632,0.0002112
400,0.00020928,0.00057408,0.0017992,0.0204733,0.00758912,0.00020896
401,0.00021008,0.00041392,0.00179584,0.0203866,0.00760448,0.00020944
402,0.00020576,0.0004096,0.00179792,0.0199216,0.00760432,0.00021296
403,0.00020928,0.00040912,0.001792,0.0194718,0.00762384,0.00021392
404,0.00020624,0.00039536,0.00178384,0.0192499,0.00761968,0.00021264
405,0.00020464,0.00040608,0.00178272,0.0193408,0.00767504,0.00021568
406,0.00020288,0.00040336,0.0017864,0.0192914,0.00771552,0.00021536
407,0.00020208,0.00040736,0.00178528,0.0193117,0.00772416,0.00021648
408,0.00020352,0.00060592,0.00178704,0.0193762,0.00773792,0.0002128
409,0.00020208,0.00042704,0.00178864,0.0193744,0.00780496,0.00021936
410,0.00020064,0.0004088,0.00179152,0.0196266,0.00784336,0.0002192
411,0.00019872,0.0004128,0.00179776,0.0196432,0.00787152,0.00022192
412,0.00019344,0.00041264,0.00180928,0.0195726,0.00792928,0.00021824
413,0.00018656,0.0005656,0.00181808,0.0193597,0.0079736,0.00022432
414,0.00018752,0.00058752,0.00181824,0.0193022,0.00802592,0.00022528
415,0.000184,0.00040608,0.00182192,0.019279,0.0079792,0.00022864
416,0.00018368,0.00040192,0.00182144,0.019055,0.00792672,0.0002304
417,0.00018128,0.00040736,0.00182208,0.0189837,0.00775744,0.00022976
418,0.00017552,0.0003592,0.00181792,0.0189459,0.00776752,0.00022688
419,0.00017056,0.00050176,0.00182464,0.0187715,0.00775344,0.00022832
420,0.00016752,0.00040816,0.00182624,0.0186528,0.00763456,0.00023312
421,0.00016704,0.00059456,0.00180992,0.0185187,0.00765952,0.0002344
422,0.00016416,0.00042256,0.00180448,0.018477,0.00772912,0.00023648
423,0.000172,0.00040592,0.00180544,0.018681,0.00767872,0.0002344
424,0.0001664,0.00056224,0.00178384,0.0186013,0.00759056,0.00023632
425,0.00017136,0.00040672,0.0017672,0.0186118,0.0075096,0.00023376
426,0.00017376,0.00056496,0.00175696,0.0186066,0.00743312,0.00023424
427,0.00017328,0.00057664,0.00174032,0.0185288,0.00737744,0.00023232
428,0.000176,0.00041872,0.00172976,0.0185382,0.00720224,0.00023136
429,0.00017184,0.00054048,0.0017248,0.0185571,0.00708304,0.00023136
430,0.00017664,0.00041552,0.00171616,0.0183629,0.00702112,0.0002256
431,0.00017536,0.00058112,0.00171024,0.018275,0.00693904,0.00023328
432,0.0001736,0.00042896,0.00170432,0.0180531,0.00694048,0.00022736
433,0.00017008,0.0004048,0.00169968,0.0178869,0.00690304,0.00023184
434,0.00016656,0.00058592,0.00169408,0.0176973,0.00692864,0.000232
435,0.00016208,0.00039392,0.00167696,0.017373,0.00697024,0.0002256
436,0.00016688,0.0003896,0.00166544,0.0169755,0.00701568,0.00022816
437,0.0001688,0.00042064,0.0016488,0.0167546,0.00707056,0.00023264
438,0.00016448,0.0004232,0.00164736,0.0164878,0.0071112,0.00023152
439,0.0001608,0.00057808,0.00163472,0.0160818,0.0072096,0.00023056
440,0.00016016,0.0003808,0.00161728,0.0158302,0.007244,0.00023152
441,0.0001712,0.00040672,0.00160064,0.0156966,0.00726016,0.00023248
442,0.00016928,0.00055072,0.0015928,0.0153712,0.00727824,0.00022784
443,0.00016896,0.00041728,0.00159056,0.0151328,0.0072696,0.00022752
444,0.00016688,0.00059104,0.00158672,0.0148248,0.0072632,0.00023088
445,0.00016736,0.00042304,0.00157344,0.0143344,0.00723232,0.0002336
446,0.00016448,0.00041936,0.0015696,0.013964,0.0072368,0.00023504
447,0.00015952,0.00042208,0.00155088,0.0136166,0.00722912,0.0002312
448,0.00016336,0.00040576,0.001536,0.0133243,0.00722032,0.00023472
449,0.00016112,0.00041632,0.00153392,0.0133157,0.00725088,0.00023632
450,0.00015744,0.00041648,0.00154064,0.0135405,0.00728736,0.000236
451,0.00015264,0.00041008,0.0015424,0.0140741,0.00730496,0.0002376
452,0.00014752,0.00044304,0.00155152,0.0145003,0.0073408,0.00023808
453,0.0001384,0.00042624,0.0015528,0.0151376,0.0073912,0.0002376
454,0.00013808,0.00041728,0.00156816,0.015788,0.0074432,0.00023328
455,0.00013328,0.000572,0.0015656,0.0163869,0.00751808,0.00023472
456,0.00012736,0.00039056,0.00159136,0.0170179,0.00752976,0.0002392
457,0.00011888,0.00042032,0.00160256,0.0175682,0.00754128,0.00023296
458,0.00011024,0.00041472,0.00160912,0.0181082,0.00756784,0.00023616
459,0.0001016,0.00042352,0.00161648,0.01888,0.00756384,0.00023744
460,9.84e-05,0.00042864,0.00162048,0.0197218,0.00758288,0.00023584
461,9.392e-05,0.0004248,0.001616,0.0206136,0.0075928,0.00023728
462,9.536e-05,0.0005696,0.00161248,0.0210206,0.0076032,0.00023632
463,9.584e-05,0.00040752,0.00159984,0.0216786,0.00761856,0.00023712
464,0.0001016,0.00042352,0.00160224,0.0222984,0.00764832,0.00023776
465,0.00010304,0.00041424,0.0015984,0.0229363,0.00767744,0.00023744
466,0.00010352,0.00041728,0.00159904,0.023308,0.00768496,0.00023648
467,0.00010512,0.00041216,0.00158864,0.0238408,0.00771808,0.0002368
468,0.00010592,0.00041392,0.00158608,0.0242187,0.00773872,0.00023792
469,0.00010608,0.00039072,0.00159376,0.0246202,0.00774768,0.00023856
470,0.00010736,0.00041616,0.00158352,0.0251502,0.00776064,0.00023792
471,0.00010784,0.00040944,0.00157408,0.0256725,0.0077696,0.00023872
472,0.00010944,0.00040448,0.00156688,0.0259408,0.00777792,0.00023776
473,0.00011184,0.0004008,0.00156112,0.0262867,0.00781424,0.00023296
474,0.00011472,0.00040304,0.001544,0.026989,0.00787152,0.00023504
475,0.00011728,0.00041072,0.00154816,0.0282498,0.00790224,0.00023952
476,0.00012,0.00040384,0.00155216,0.0289973,0.00795296,0.00023968
477,0.00012336,0.00040672,0.00154864,0.0296818,0.00805184,0.00023776
478,0.00012624,0.00042544,0.00153168,0.0297554,0.00808528,0.00024304
479,0.00012832,0.00041888,0.00153808,0.0297142,0.0080904,0.0002384
480,0.00012928,0.00062256,0.0015296,0.0303312,0.00811488,0.00024576
481,0.00012608,0.0005608,0.00154912,0.0313328,0.00811152,0.00024384
482,0.00012592,0.00039792,0.00156064,0.0322146,0.00811728,0.00024416
483,0.00013232,0.0004336,0.00157328,0.0334667,0.00817056,0.00024304
484,0.00013504,0.00039104,0.00158512,0.035172,0.00817616,0.0002432
485,0.00014192,0.00038192,0.00161744,0.0370144,0.00822592,0.00024416
486,0.00014176,0.00040432,0.0016512,0.0391197,0.00828512,0.0002448
487,0.0001392,0.00039296,0.0016776,0.0410085,0.00837808,0.00024224
488,0.00014448,0.00042752,0.00167232,0.0419619,0.0083952,0.00023952
489,0.00013952,0.00051664,0.0016712,0.0430691,0.0084432,0.00023888
490,0.00014416,0.00061024,0.00169776,0.0437293,0.00848336,0.00024272
491,0.00013488,0.00041328,0.00169552,0.0430946,0.00852864,0.00023776
492,0.00013744,0.00041264,0.00169456,0.0413134,0.00853472,0.00024288
493,0.00013584,0.00041088,0.00170528,0.0416027,0.00856336,0.0002448
494,0.00013408,0.00042208,0.00172272,0.0415549,0.00859728,0.00024448
495,0.00013472,0.00040624,0.00173744,0.0419587,0.0086272,0.00024224
496,0.00013296,0.00040976,0.00173296,0.0414563,0.00863632,0.0002432
497,0.00012896,0.00040944,0.00173648,0.0407181,0.00862896,0.00024448
498,0.00012576,0.00041264,0.00174864,0.0404256,0.0085944,0.0002448
499,0.00012528,0.0004176,0.00174608,0.0399243,0.00862832,0.00023872
500,0.00012032,0.00042096,0.00174848,0.0394488,0.008624,0.00024368
501,0.00012592,0.00041024,0.00175344,0.0389803,0.00861936,0.00024496
502,0.00012768,0.0003936,0.00176592,0.0384701,0.00861344,0.00023824
503,0.00012832,0.00038496,0.0017728,0.0382314,0.00861184,0.000244
504,0.0001304,0.00058896,0.0017728,0.0377882,0.008584,0.00024224
505,0.00012672,0.00039056,0.00178448,0.0374158,0.00858928,0.000244
506,0.00013232,0.00055632,0.00178848,0.0375131,0.00857936,0.0002448
507,0.00013184,0.00038736,0.00178688,0.0373653,0.00854864,0.00023872
508,0.0001304,0.00042176,0.00178704,0.0372227,0.00849712,0.00024544
509,0.00012784,0.00058144,0.00179696,0.0372739,0.00849184,0.00024256
510,0.00012416,0.00041408,0.00180448,0.0371464,0.00842496,0.000244
511,0.00012672,0.00040816,0.00182224,0.037139,0.00836304,0.00024256
512,0.00012496,0.00059056,0.00182128,0.0369781,0.00835824,0.00024656
513,0.0001232,0.0003808,0.00182848,0.0371589,0.00830128,0.00024448
514,0.00012192,0.0004096,0.00182304,0.036848,0.00830944,0.00024624
515,0.00011552,0.0004208,0.00183344,0.0366331,0.00830352,0.000244
516,0.00011664,0.00040032,0.00185904,0.0364472,0.00830976,0.00024416
517,0.00011392,0.00057488,0.00184608,0.0362293,0.00828272,0.00023824
518,0.0001112,0.00058608,0.00184704,0.0360643,0.00829632,0.00023728
519,0.00010992,0.00040368,0.00184768,0.0360752,0.00825824,0.000244
520,0.00010784,0.0004,0.0018464,0.0359434,0.00827504,0.00024272
521,0.0001056,0.00059872,0.00186192,0.0358997,0.00828624,0.0002432
522,9.984e-05,0.00043424,0.00186992,0.035889,0.00830272,0.000244
523,0.00010192,0.00040368,0.00188032,0.0360115,0.008308,0.00024304
524,0.00010192,0.00042144,0.00189088,0.035799,0.00831808,0.00024496
525,0.00010256,0.00041456,0.00190336,0.0356624,0.0083048,0.00024144
526,0.00010256,0.00038704,0.00191536,0.0358643,0.0082968,0.00024336
527,0.00010368,0.00041936,0.00193968,0.0356051,0.00825088,0.00024288
528,0.00010432,0.00058368,0.0019632,0.0355498,0.00827168,0.00024288
529,0.0001048,0.00041664,0.001968,0.0355278,0.00822512,0.00024304
530,9.792e-05,0.0004088,0.00198864,0.0356901,0.00823344,0.00024384
531,0.00010384,0.00041824,0.00199344,0.0357643,0.00829776,0.0002424
532,0.00010368,0.00041424,0.00199232,0.035567,0.00833568,0.00024256
533,0.00010576,0.00041744,0.00198816,0.0352811,0.00835584,0.00023888
534,0.00010752,0.00041104,0.001992,0.0350677,0.00839664,0.00024368
535,0.00010848,0.00039792,0.00197936,0.0347954,0.00839856,0.00024416
536,0.0001096,0.00039024,0.00196544,0.0348597,0.00842448,0.00024288
537,0.00011184,0.00041408,0.00196336,0.0342667,0.00842288,0.00023856
538,0.000108,0.00040944,0.00195024,0.0337794,0.00835824,0.0002424
539,0.00010992,0.00040208,0.00193856,0.0332318,0.00833792,0.0002416
540,0.00011552,0.0003984,0.00192224,0.0329691,0.00830016,0.00024096
541,0.00011984,0.00040032,0.00192672,0.0321182,0.00824496,0.00024112
542,0.00012384,0.00039344,0.00190432,0.0319144,0.00820816,0.00024192
543,0.000124,0.00041152,0.00191856,0.0316861,0.00815104,0.00024032
544,0.00012272,0.00038832,0.0019176,0.0321357,0.00804416,0.00023664
545,0.00013504,0.00040416,0.00192432,0.0321157,0.00804784,0.00024064
546,0.00014176,0.00040896,0.0019216,0.0324459,0.00801744,0.00023856
547,0.00014944,0.00042368,0.00192864,0.0328437,0.00795152,0.00024
548,0.00015824,0.00057872,0.00192944,0.0330336,0.00784288,0.00023728
549,0.00016944,0.00039552,0.00192048,0.0330874,0.00786944,0.000236
550,0.0001696,0.00041152,0.00189568,0.0329293,0.00795712,0.00023088
551,0.00017264,0.0004088,0.00190064,0.0328069,0.00807424,0.00022928
552,0.00016864,0.0004208,0.00188448,0.0325891,0.00811472,0.00023616
553,0.0001648,0.00045344,0.00188656,0.0324208,0.00818832,0.00023312
554,0.00015408,0.0004384,0.0018776,0.0325014,0.00822432,0.00022896
555,0.00014624,0.00040928,0.00187776,0.0324814,0.00824432,0.0002328
556,0.00014688,0.00039904,0.0018776,0.032675,0.00824704,0.00023392
557,0.00015088,0.00057616,0.00190176,0.0325645,0.0082472,0.00023312
558,0.00015168,0.00041408,0.00190976,0.0327032,0.00822832,0.000232
559,0.00015264,0.00040176,0.00191856,0.0325301,0.00824944,0.00022768
560,0.00015248,0.00040784,0.00192928,0.0324896,0.00821664,0.00023296
561,0.00015232,0.00042064,0.001932,0.032369,0.00821696,0.00023168
562,0.00015744,0.0004008,0.00193872,0.0322827,0.00821616,0.00023216
563,0.00015568,0.00058304,0.00194832,0.0322203,0.00820768,0.00023376
564,0.00015376,0.00058736,0.00196016,0.0320546,0.00819952,0.00023232
565,0.0001592,0.00040544,0.00196032,0.0320619,0.00817792,0.00023248
566,0.0001576,0.00058768,0.00196576,0.0319227,0.00819488,0.00023424
567,0.00015152,0.00043424,0.00195904,0.0316954,0.00818656,0.00023328
568,0.0001544,0.00041456,0.00198192,0.031592,0.00811312,0.0002328
569,0.00015904,0.0004016,0.00197968,0.0313797,0.00808896,0.00023424
570,0.00015872,0.00058144,0.00197392,0.0312474,0.00802944,0.00023328
571,0.00015616,0.00041104,0.00198128,0.0308554,0.00795488,0.00022736
572,0.00015264,0.00042032,0.00197904,0.0303424,0.00796944,0.00023264
573,0.00015376,0.00042192,0.00197232,0.0297314,0.00794448,0.00023344
574,0.00015856,0.00042032,0.0019624,0.0292707,0.0078664,0.00023392
575,0.00015232,0.00059728,0.00193616,0.028601,0.00784672,0.00023408
576,0.00015184,0.000408,0.00193152,0.0282515,0.00769808,0.00023472
577,0.00014736,0.00056512,0.00192448,0.0274498,0.00758016,0.0002344
578,0.00014416,0.00058864,0.00191456,0.0265811,0.00744288,0.00023424
579,0.00014336,0.00041168,0.00191072,0.0258016,0.00737504,0.00023088
580,0.0001368,0.00040896,0.0019248,0.0251752,0.00724096,0.00023568
581,0.00013904,0.00039968,0.00194048,0.024825,0.0071952,0.0002392
582,0.00012864,0.00041776,0.00195808,0.025249,0.00722192,0.00023776
583,0.0001208,0.00040112,0.0019904,0.0258082,0.00727456,0.0002384
584,0.00012288,0.0004152,0.00201232,0.0257733,0.00732752,0.00023488
585,0.0001144,0.00040736,0.00204928,0.0260896,0.00740096,0.00024128
586,0.00011184,0.00057136,0.0020856,0.0267976,0.00747648,0.00024192
587,0.00010112,0.00041632,0.00205296,0.026467,0.00738832,0.00024256
588,0.00010352,0.00040672,0.00200336,0.0254211,0.00719424,0.00024384
589,0.00010192,0.00040496,0.00194288,0.0237878,0.00714128,0.00024464
590,9.952e-05,0.00040736,0.00188144,0.0220416,0.00715648,0.0002456
591,9.152e-05,0.00041424,0.00182064,0.0206526,0.00719216,0.00024352
592,8.992e-05,0.0005504,0.0017744,0.0195165,0.00728288,0.0002408
593,8.512e-05,0.00059808,0.00174,0.0185534,0.0074024,0.000244
594,8.992e-05,0.00038592,0.00168544,0.0177669,0.007596,0.0002456
595,8.592e-05,0.00041024,0.00166784,0.017124,0.00758544,0.00024496
596,8.784e-05,0.00059392,0.00164528,0.0166395,0.00764576,0.0002448
597,8.944e-05,0.00041312,0.0016256,0.0164643,0.0076696,0.00024384
598,8.928e-05,0.00059984,0.0016288,0.0161486,0.0076744,0.00024336
599,8.928e-05,0.00037904,0.00161888,0.0159526,0.00764848,0.0002456
600,8.864e-05,0.00042064,0.0016256,0.0158912,0.0076544,0.00024544
601,8.88e-05,0.00039808,0.0016152,0.0158346,0.00762656,0.00024592
602,8.848e-05,0.00041744,0.00163632,0.0150778,0.00762416,0.00024288
603,8.592e-05,0.0004,0.00161376,0.0148515,0.00756912,0.00023984
604,8.56e-05,0.00058288,0.00162608,0.0147162,0.00758352,0.00024224
605,8.992e-05,0.00039808,0.00160752,0.0146597,0.00757248,0.00024
606,8.928e-05,0.00041152,0.00162336,0.0146718,0.00762928,0.0002432
607,8.512e-05,0.00041072,0.0016336,0.0147722,0.00767008,0.00024512
608,9.024e-05,0.00055616,0.00162688,0.0149101,0.00775168,0.0002456
609,9.056e-05,0.00040352,0.00164128,0.014997,0.00787824,0.00024176
610,9.056e-05,0.00058544,0.00164544,0.015521,0.00817776,0.00024544
611,9.088e-05,0.00042224,0.00165072,0.0164387,0.00827456,0.00024448
612,9.056e-05,0.00055792,0.00166176,0.0177142,0.00830416,0.00024416
613,8.96e-05,0.00057424,0.0016776,0.019291,0.00840304,0.00024624
614,9.072e-05,0.00040096,0.0017376,0.0206018,0.0086104,0.00024528
615,8.96e-05,0.0005424,0.00178432,0.0209778,0.00873648,0.00024544
616,9.12e-05,0.0004144,0.0017688,0.0204618,0.00877136,0.00024544
617,9.088e-05,0.00038944,0.0017736,0.0200939,0.008656,0.00024416
618,8.928e-05,0.00056048,0.00176096,0.0201794,0.0085696,0.0002432
619,9.216e-05,0.00054016,0.00176992,0.0200464,0.00849504,0.00024368
620,8.816e-05,0.00053008,0.00178576,0.0201602,0.00840704,0.00024496
621,9.296e-05,0.00054496,0.0017904,0.0205669,0.00835968,0.00024304
622,8.88e-05,0.00056448,0.00181984,0.0210494,0.0083528,0.00024368
623,8.864e-05,0.00055568,0.0018304,0.021872,0.00837184,0.00024368
624,9.376e-05,0.00041904,0.00184768,0.022697,0.00835696,0.00024448
625,9.04e-05,0.00055712,0.00187904,0.0230168,0.00834992,0.00024448
626,9.184e-05,0.00041824,0.0018952,0.0234694,0.00846016,0.00024352
627,9.776e-05,0.0005568,0.00191184,0.0237691,0.00843024,0.00024256
628,9.856e-05,0.00053312,0.00191584,0.023835,0.0085128,0.00024384
629,0.0001,0.00041584,0.0019184,0.0237907,0.00856992,0.00024288
630,0.00010256,0.00041104,0.00194016,0.023941,0.00866976,0.00023888
631,0.00010384,0.00044016,0.00193488,0.0239542,0.00876592,0.00024336
632,0.00010704,0.00055728,0.00192432,0.0239362,0.00870336,0.00023744
633,0.000108,0.0005768,0.00192496,0.0236971,0.00874832,0.00024352
634,0.00010672,0.00053312,0.00192256,0.0238355,0.00870864,0.00024208
635,0.0001056,0.00055168,0.00192992,0.0237214,0.00865664,0.00024192
636,0.00010352,0.00053872,0.0019328,0.0239262,0.00865792,0.00023808
637,9.712e-05,0.00052672,0.00194384,0.0239309,0.00864384,0.0002376
638,9.872e-05,0.0005576,0.00194576,0.023904,0.00860096,0.00024288
639,9.68e-05,0.00038624,0.00194336,0.0240622,0.00858896,0.00024144
640,9.472e-05,0.00054368,0.00195024,0.0242717,0.0085608,0.00024128
641,9.296e-05,0.0003968,0.00195168,0.0242002,0.00857536,0.00023792
642,0.0001,0.00055872,0.00193552,0.024244,0.0085136,0.00024016
643,0.0001032,0.0005328,0.00193552,0.0241666,0.00858208,0.00024048
644,0.00011024,0.00040928,0.00193056,0.0244723,0.0087344,0.00024256
645,0.0001064,0.0005496,0.00192496,0.0240997,0.0086336,0.0002376
646,0.0001088,0.00054896,0.00193248,0.0240547,0.00859216,0.00024336
647,0.00010048,0.00054656,0.00193472,0.0241042,0.00858192,0.00024224
648,9.68e-05,0.00054336,0.0019256,0.0240944,0.00849728,0.00024176
649,9.344e-05,0.00055392,0.00193408,0.0239477,0.00845616,0.00023856
650,0.00010144,0.0004,0.00192544,0.0235637,0.00842432,0.00024384
651,0.00010496,0.00055168,0.00191744,0.0230258,0.0084624,0.00024368
652,0.000108,0.00037776,0.00191008,0.0230986,0.00851312,0.00024432
653,0.00010624,0.0005624,0.00191584,0.0231646,0.00846672,0.0002448
654,0.00010352,0.00055296,0.00192528,0.0232541,0.00838368,0.0002384
655,0.00010032,0.00054608,0.00193312,0.023367,0.00835792,0.00023696
656,9.728e-05,0.00053296,0.00193296,0.0236274,0.00827248,0.00024352
657,9.616e-05,0.00042256,0.00193776,0.0238291,0.0083488,0.00024032
658,9.856e-05,0.00056496,0.00193728,0.0237995,0.0083088,0.0002408
659,0.00010128,0.00055568,0.00192368,0.0237656,0.00832464,0.00024016
660,0.00010112,0.00038256,0.0019112,0.0232755,0.00844208,0.0002416
661,0.00011024,0.0005408,0.0019048,0.0234482,0.00845248,0.00024464
662,0.00010784,0.00040608,0.00189392,0.023709,0.00842672,0.00023792
663,0.00010224,0.00054992,0.0018912,0.0238904,0.00841648,0.0002424
664,0.00010464,0.00040384,0.00187792,0.0241658,0.00827056,0.00024384
665,0.00010208,0.00041984,0.00187872,0.0245598,0.00824832,0.00024576
666,0.0001,0.00042336,0.00187536,0.0246266,0.00819504,0.00023808
667,9.968e-05,0.00057056,0.00188288,0.0248454,0.00806064,0.0002432
668,9.808e-05,0.00053664,0.0018656,0.0252419,0.00807392,0.00024256
669,0.00010496,0.00056992,0.00186848,0.0251797,0.00819296,0.00024304
670,0.00010928,0.00040496,0.0018536,0.0256093,0.00830848,0.00024464
671,0.00010496,0.00056464,0.00185296,0.025828,0.00834928,0.00024352
672,0.0001032,0.00058528,0.00185888,0.0259352,0.00834608,0.00024336
673,0.0001064,0.00058816,0.00185744,0.0257277,0.00828912,0.00024464
674,0.00010112,0.00054064,0.0018552,0.0260318,0.0082576,0.00024288
675,0.00010384,0.0003744,0.00184784,0.0263845,0.00819696,0.00024384
676,0.00010224,0.00041168,0.0018648,0.0267227,0.00821344,0.00024448
677,0.00010016,0.00039632,0.00184784,0.0269374,0.00819504,0.0002432
678,9.936e-05,0.00040592,0.00182816,0.0266882,0.00810256,0.00024368
679,9.968e-05,0.0003896,0.00182352,0.0265848,0.00795376,0.00023648
680,0.00010256,0.00037744,0.00181392,0.0268376,0.0079416,0.0002376
681,0.00010592,0.00038688,0.001804,0.0270205,0.0079648,0.00023664
682,0.00010704,0.00041888,0.00178144,0.027313,0.00803232,0.0002392
683,0.0001112,0.0003824,0.00176336,0.0273352,0.00798736,0.00024336
684,0.00011392,0.0003624,0.00173648,0.0272506,0.00808,0.0002432
685,0.00011456,0.00038496,0.00173008,0.0269403,0.00807488,0.00024512
686,0.00011392,0.00040848,0.0017208,0.0265187,0.00802624,0.0002384
687,0.0001144,0.00035648,0.00171536,0.0264027,0.00797216,0.00024256
688,0.00011296,0.00035072,0.00172016,0.0260131,0.00794656,0.00023952
689,0.000112,0.00053776,0.00172096,0.0260562,0.00788304,0.00024304
690,0.00010592,0.000416,0.00172032,0.025864,0.00778256,0.00023856
691,0.00010624,0.00053728,0.00172208,0.0256666,0.00769456,0.0002416
692,0.00011072,0.00043616,0.00172384,0.0254992,0.00759104,0.00024384
693,0.00010752,0.0004312,0.00172608,0.0254302,0.00754672,0.00024368
694,0.00011184,0.00040944,0.00171936,0.0252834,0.00749296,0.00024032
695,0.00011168,0.00041888,0.00171632,0.0251355,0.00747072,0.00024304
696,0.00011232,0.00038144,0.00171488,0.0248288,0.00746064,0.0002448
697,0.00010848,0.00039872,0.00171408,0.024768,0.00743648,0.00024336
698,0.00011568,0.00040416,0.0017088,0.0243555,0.00741392,0.000244
699,0.00012032,0.00040448,0.001696,0.0238581,0.00745152,0.00024368
700,0.00012144,0.00041216,0.00168352,0.0232154,0.00751408,0.00023856
701,0.00012416,0.00041392,0.0016784,0.0227795,0.00751808,0.00023856
702,0.0001264,0.00037296,0.00168208,0.0222894,0.00753472,0.00023712
703,0.0001264,0.0004192,0.00169488,0.0219048,0.0075048,0.0002392
704,0.0001272,0.00039488,0.00169744,0.021593,0.0075664,0.00023872
705,0.00012784,0.00041136,0.00170336,0.0213042,0.00755712,0.00024416
706,0.000124,0.00043584,0.00171584,0.0211766,0.00759552,0.00024384
707,0.00013024,0.00041328,0.0017104,0.0209754,0.0075704,0.00024192
708,0.00013088,0.0003952,0.00172672,0.0210909,0.00758384,0.00024304
709,0.00012992,0.0003928,0.00174,0.0210131,0.00754608,0.00024336
710,0.00013008,0.00040496,0.0017368,0.0211131,0.0073712,0.00024096
711,0.00012784,0.00039008,0.0017576,0.0208395,0.00736256,0.00023808
712,0.00012608,0.00046,0.00176768,0.0210085,0.00745776,0.00023168
713,0.00012208,0.00040848,0.00177296,0.0213634,0.00748592,0.00022912
714,0.00011664,0.0004144,0.0017864,0.0216408,0.00753392,0.00023136
715,0.00011344,0.000416,0.00178592,0.0215677,0.00743584,0.0002264
716,0.00010704,0.00040048,0.00180512,0.0215637,0.00746576,0.00022192
717,0.00010064,0.00038976,0.00182864,0.0214309,0.00758928,0.00021904
718,0.0001032,0.0004112,0.00184928,0.0212784,0.00773808,0.00022
719,0.00010544,0.00039408,0.00185872,0.0209384,0.00797904,0.000224
720,0.00010704,0.00040064,0.00187264,0.0209648,0.0080632,0.00023328
721,0.00010784,0.0003744,0.00189056,0.021196,0.00802048,0.00023632
722,0.00011024,0.00054208,0.00188608,0.0213139,0.00790336,0.0002432
723,0.0001128,0.0004168,0.0019032,0.0212178,0.00788848,0.00023824
724,0.00011616,0.00040112,0.00190496,0.0206533,0.00780688,0.00023824
725,0.000116,0.00041648,0.00190352,0.020464,0.00787216,0.00024208
726,0.00012368,0.000364,0.00188608,0.0201534,0.0079152,0.00024368
727,0.000128,0.00041392,0.00188528,0.0197562,0.00799136,0.00024384
728,0.00013104,0.00038,0.00184448,0.0196784,0.00800592,0.00024336
729,0.00013568,0.00037984,0.0018408,0.0198062,0.00809568,0.00024208
730,0.00013504,0.0004072,0.00183808,0.0197298,0.00809456,0.00023776
731,0.00014416,0.00041632,0.00183344,0.0202115,0.0081208,0.0002432
732,0.00014624,0.00060176,0.00186928,0.0210229,0.0082704,0.00024288
733,0.00015184,0.00056144,0.00188464,0.0221866,0.0082488,0.00024192
734,0.00014416,0.00044944,0.00189776,0.0232142,0.00828448,0.00024224
735,0.00014768,0.0004192,0.00192144,0.0237122,0.00831184,0.00024064
736,0.0001416,0.00039616,0.00194016,0.0243992,0.0083048,0.00024304
737,0.00014032,0.00041344,0.00195248,0.0247453,0.00835936,0.00023872
738,0.00014336,0.00041552,0.00197648,0.0252115,0.00837872,0.0002416
739,0.00014224,0.00039664,0.00198528,0.0254357,0.00834496,0.00024256
740,0.00014352,0.00039712,0.00198224,0.0258563,0.0083584,0.00024128
741,0.00014064,0.0004104,0.0020008,0.0261128,0.00832176,0.0002424
742,0.00013648,0.00039024,0.002,0.0262619,0.0083472,0.00024128
743,0.00013984,0.00038336,0.00200432,0.0266021,0.00833008,0.0002432
744,0.00012992,0.000396,0.001996,0.0265702,0.0083072,0.0002376
745,0.00013728,0.0003968,0.00200304,0.0266594,0.00834496,0.00023824
746,0.00013952,0.00041056,0.00201024,0.0267514,0.00834464,0.000244
747,0.00013264,0.00038912,0.00200784,0.0268762,0.0083384,0.0002424
748,0.00013536,0.0003832,0.00201616,0.0268662,0.00834288,0.00024352
749,0.00013664,0.00040576,0.00201776,0.0269776,0.00836128,0.00024224
750,0.00013408,0.00040576,0.00201136,0.0269408,0.00839936,0.00024416
751,0.00012736,0.0004232,0.00201664,0.0270757,0.00847072,0.00023856
752,0.0001336,0.00042448,0.00201008,0.0271987,0.00849552,0.0002376
753,0.00012896,0.00038944,0.00199488,0.0275459,0.00853568,0.00024256
754,0.0001288,0.00039648,0.00200736,0.0277286,0.00860832,0.00023888
755,0.00012912,0.00042624,0.00199936,0.0276086,0.00860096,0.00024256
756,0.00013376,0.00042016,0.002004,0.0272381,0.00849632,0.00024272
757,0.00013312,0.00041008,0.0020176,0.026887,0.00832432,0.0002448
758,0.00013168,0.00041024,0.00202304,0.0266509,0.0081552,0.0002432
759,0.00013264,0.00042112,0.00202448,0.0265346,0.00803072,0.00023792
760,0.00013456,0.000412,0.0020176,0.0265763,0.00802144,0.00023792
761,0.0001288,0.0004096,0.00200112,0.0269406,0.0080808,0.00024192
762,0.00013648,0.00039264,0.0020016,0.0270262,0.0081912,0.00024384
763,0.00013808,0.00040544,0.00199056,0.0271862,0.00825632,0.000236
764,0.0001384,0.0004008,0.00197648,0.0271158,0.00827376,0.00024176
765,0.0001384,0.00041488,0.00197712,0.0270517,0.0083016,0.0002408
766,0.0001392,0.0004184,0.00197536,0.0270994,0.0082952,0.00023984
767,0.00013536,0.00041296,0.00198272,0.0272302,0.00828464,0.00024
768,0.00013216,0.00038992,0.00198816,0.0273622,0.0082984,0.00024112
769,0.00012928,0.00037008,0.00198848,0.0275414,0.00829504,0.00023952
770,0.00013392,0.00039392,0.00198592,0.027265,0.00835792,0.00024016
771,0.00013376,0.0004008,0.00198768,0.0271518,0.00839552,0.0002368
772,0.00013184,0.00041104,0.00198704,0.027095,0.00844832,0.0002384
773,0.00012848,0.00041392,0.00198736,0.0270437,0.00849024,0.00023648
774,0.00012736,0.00042016,0.00197584,0.0270702,0.0085512,0.00023712
775,0.00012672,0.00041696,0.00196624,0.0269813,0.00860912,0.00023744
776,0.00011776,0.00040592,0.00196656,0.0272821,0.00866064,0.00023952
777,0.00011152,0.00039664,0.0019688,0.0274605,0.00877136,0.0002392
778,0.00010416,0.00038192,0.00195552,0.027717,0.00875008,0.00023664
779,0.00010064,0.00056,0.00193392,0.02766,0.00880432,0.00024256
780,9.712e-05,0.00040624,0.00194192,0.0278027,0.00886432,0.00024224
781,0.0001016,0.00035696,0.00194144,0.0279634,0.00897088,0.00024336
782,0.00010224,0.0005616,0.00193648,0.0280187,0.00907072,0.00024256
783,9.856e-05,0.00042384,0.00192656,0.0282894,0.00918672,0.00024528
784,0.00010512,0.0004144,0.00192576,0.0280458,0.00937456,0.00024272
785,0.0001064,0.00040816,0.0019256,0.0281824,0.00954336,0.00024288
786,0.00010752,0.000352,0.00191744,0.0283928,0.00960304,0.00023664
787,0.00010704,0.00037648,0.00191696,0.0285053,0.0096416,0.00023552
788,0.000108,0.00039648,0.00190896,0.0286008,0.00962208,0.00024304
789,0.00010976,0.000416,0.00190464,0.0285595,0.00964224,0.00024368
790,0.00010432,0.00037024,0.00188784,0.028889,0.00964912,0.00023808
791,0.00011024,0.00041376,0.00188304,0.0288669,0.00960368,0.00024368
792,0.00011088,0.00038848,0.0018672,0.0288874,0.009636,0.0002432
793,0.00011008,0.00040576,0.00187584,0.0291661,0.00965296,0.00024368
794,0.00011072,0.00038912,0.00185824,0.0291805,0.00967952,0.0002424
795,0.00011216,0.00056768,0.00186704,0.0292435,0.00967552,0.0002432
796,0.00010592,0.00038816,0.00185792,0.0293392,0.009688,0.00024288
797,0.00011136,0.00040368,0.0018824,0.0294174,0.00973232,0.00024192
798,0.00010688,0.00039328,0.00188384,0.02962,0.00973184,0.0002432
799,0.00011088,0.0003688,0.00188944,0.0299925,0.00969872,0.00023792
800,0.00011152,0.00039936,0.00189504,0.0299714,0.00972976,0.00023744
801,0.0001056,0.00038864,0.00191952,0.0303838,0.00975264,0.00023664
802,0.00011072,0.00057184,0.001916,0.0310394,0.00966608,0.00024128
803,0.00010944,0.00041376,0.0019424,0.0314818,0.00960528,0.00023776
804,0.00011056,0.00041968,0.00195008,0.031824,0.00956032,0.00024272
805,0.00010976,0.00040176,0.0019488,0.0322782,0.0094792,0.00024352
806,0.00010848,0.00056544,0.00198432,0.0327998,0.00943504,0.0002416
807,0.00010736,0.00040528,0.00200832,0.0332523,0.00941136,0.00024096
808,0.00010208,0.00040272,0.00203088,0.0334219,0.00935312,0.0002416
809,0.00010192,0.00041312,0.00205888,0.0337784,0.00929424,0.00024096
810,0.0001072,0.00042208,0.00206192,0.0328877,0.00924944,0.00024128
811,0.00010672,0.00039248,0.00209248,0.0324461,0.00920496,0.00023536
812,0.00010304,0.0003808,0.00206416,0.0320125,0.0091912,0.00023984
813,0.00010832,0.00040576,0.00209248,0.0318275,0.00914432,0.00023856
814,0.00011024,0.00041792,0.00210816,0.0317918,0.00910288,0.00024016
815,0.00011248,0.0004208,0.00211168,0.0315864,0.00909968,0.00024208
816,0.00011536,0.0004184,0.00209984,0.0314843,0.00906336,0.00023872
817,0.000116,0.00041872,0.00208192,0.031073,0.00909456,0.00023968
818,0.00011632,0.00041152,0.00207584,0.0308878,0.00903056,0.00024192
819,0.00011568,0.00040496,0.0021008,0.0301245,0.0090368,0.0002416
820,0.0001168,0.00041248,0.00212352,0.0295642,0.00894032,0.00023968
821,0.00011872,0.00041568,0.00213504,0.0288306,0.00893296,0.00024032
822,0.00011424,0.0004048,0.00213664,0.0277581,0.00888368,0.00024
823,0.00011264,0.00039616,0.00216192,0.0269296,0.0087248,0.00024064
824,0.00011456,0.0004512,0.00215344,0.0262253,0.00859424,0.00023504
825,0.00011056,0.00042,0.00214608,0.0258584,0.008468,0.000236
826,0.00011664,0.0003936,0.0021664,0.026004,0.00835968,0.00024
827,0.00011664,0.00042496,0.0021552,0.0256952,0.0082784,0.00023568
828,0.00011552,0.00041712,0.00215904,0.0252221,0.00829664,0.00023968
829,0.0001232,0.0004248,0.00211888,0.0244904,0.00817264,0.00023808
830,0.0001264,0.00038048,0.00207792,0.0239795,0.0081032,0.00023712
831,0.0001296,0.00042752,0.00206064,0.0235954,0.008052,0.0002384
832,0.00013296,0.00041728,0.00204496,0.0233773,0.00796048,0.00023936
833,0.00013408,0.0004008,0.00204144,0.0230725,0.00792944,0.00024
834,0.00013232,0.00038304,0.00200816,0.0229678,0.00791232,0.00024016
835,0.00013056,0.0003872,0.00200624,0.0227802,0.00788032,0.00023296
836,0.00012912,0.00039472,0.0019848,0.0229307,0.00788704,0.00024
837,0.00012416,0.00041104,0.00197712,0.0229086,0.00794416,0.00023824
838,0.00012848,0.0004168,0.0019864,0.022861,0.00793328,0.00023792
839,0.00013152,0.0004344,0.00198864,0.0235104,0.00797888,0.00023408
840,0.00013296,0.00037904,0.00200432,0.0236699,0.00807408,0.00023856
841,0.00013648,0.0004288,0.00201888,0.0241093,0.00811856,0.00023824
842,0.00013984,0.00038992,0.00204,0.0243282,0.008188,0.00023936
843,0.00014512,0.00041248,0.00205712,0.024145,0.0082016,0.00024064
844,0.00014544,0.00041472,0.00206192,0.0240875,0.00817632,0.00023376
845,0.00014416,0.00053344,0.00203792,0.0245405,0.00815984,0.00024144
846,0.0001472,0.0004136,0.0020448,0.0239184,0.00788928,0.00024192
847,0.00013872,0.00040448,0.00202848,0.0232197,0.00759968,0.00024352
848,0.00013408,0.0003928,0.00198624,0.0220518,0.00728304,0.00024288
849,0.0001392,0.0003664,0.00197264,0.0219062,0.00712,0.00024192
850,0.00014096,0.00038448,0.00197024,0.021421,0.0071608,0.00024064
851,0.00014576,0.00039648,0.0019728,0.0200624,0.0071752,0.00023712
852,0.00015744,0.00036432,0.00195504,0.0186336,0.00718576,0.00024128
853,0.0001608,0.00041408,0.00197056,0.017797,0.00722608,0.00024208
854,0.0001608,0.00039088,0.00196944,0.0169344,0.00720944,0.00023792
855,0.00016832,0.00058672,0.00196832,0.0161219,0.00720768,0.00024064
856,0.00016848,0.00040688,0.00200912,0.0156312,0.0073136,0.00024
857,0.00016608,0.00039392,0.00204672,0.0151501,0.00734464,0.00024032
858,0.00016816,0.00038288,0.00202688,0.0147856,0.00740176,0.00024192
859,0.00017456,0.0003808,0.00203072,0.0143549,0.00744784,0.00024048
860,0.00017712,0.00039504,0.00201136,0.013939,0.00744768,0.0002416
861,0.00017664,0.00038464,0.00199168,0.0136931,0.00749936,0.00023968
862,0.0001832,0.00036528,0.0019744,0.0136661,0.00754464,0.0002344
863,0.0001784,0.00038672,0.00194304,0.0131141,0.00751088,0.0002408
864,0.00017712,0.00038144,0.00192928,0.0129565,0.00750672,0.00023408
865,0.00018352,0.00039616,0.0019032,0.0127614,0.00759616,0.0002376
866,0.00018016,0.00038032,0.0019064,0.0126086,0.00760448,0.0002328
867,0.00017968,0.00039808,0.001904,0.0125398,0.00764016,0.00023904
868,0.00018592,0.00037712,0.00187168,0.0124869,0.00766304,0.00023632
869,0.0001832,0.00037632,0.00185504,0.0122437,0.00757008,0.00023824
870,0.00018688,0.00055488,0.0018592,0.0121938,0.00754976,0.00023696
871,0.00019264,0.0004136,0.00185888,0.0119666,0.00749152,0.00023104
872,0.00018896,0.00042688,0.00186432,0.0119346,0.00748192,0.00023648
873,0.00020192,0.00039968,0.00185488,0.0120107,0.00743888,0.00023632
874,0.00018928,0.00037712,0.00185552,0.01186,0.00743088,0.00023488
875,0.00020064,0.00040592,0.00182704,0.0116622,0.00716576,0.00023568
876,0.00020048,0.0003736,0.001808,0.0116355,0.00709104,0.00023104
877,0.00020064,0.00039072,0.00180384,0.0113722,0.00699408,0.00022896
878,0.00019584,0.00037184,0.00180704,0.0115123,0.00688624,0.0002256
879,0.00020096,0.00036512,0.00177824,0.0113506,0.00675648,0.00023088
880,0.00020528,0.00052256,0.0017784,0.0113,0.00664816,0.00022416
881,0.00020432,0.00041328,0.0017544,0.0110877,0.00649568,0.00022864
882,0.00019808,0.00041664,0.00175232,0.0110659,0.00638608,0.00022224
883,0.00019696,0.00041584,0.00174528,0.0110242,0.00620976,0.00022592
884,0.000196,0.0003896,0.00173872,0.0108622,0.00611248,0.00022352
885,0.00019216,0.00039456,0.00173056,0.0109757,0.00594384,0.00021872
886,0.00019408,0.00037776,0.00171168,0.0108506,0.0058056,0.00022176
887,0.00019552,0.00040544,0.0016736,0.0108605,0.00566272,0.00021792
888,0.00019392,0.00040752,0.00165904,0.0107942,0.00550256,0.00021168
889,0.000192,0.00052448,0.00166176,0.0107925,0.00535408,0.00021664
890,0.0001856,0.00039712,0.001644,0.0108197,0.00519184,0.00021088
891,0.00019104,0.00036864,0.00163248,0.0108083,0.00505408,0.0002136
892,0.00018352,0.00041584,0.00162928,0.0106912,0.0049256,0.00021232
893,0.00018256,0.0004128,0.00162576,0.0107808,0.00476368,0.00021168
894,0.0001792,0.00056688,0.00159248,0.0108021,0.0046392,0.00020512
895,0.00017808,0.00058192,0.00158128,0.0108699,0.0045056,0.00020976
896,0.00017808,0.00040064,0.0015624,0.0109096,0.00435136,0.00020464
897,0.0001744,0.00037456,0.00155584,0.0111987,0.0042336,0.00020576
898,0.00019824,0.00039024,0.001508,0.011179,0.00407008,0.00020448
899,0.00017952,0.00042048,0.00152848,0.0112678,0.00397184,0.0001968
900,0.00016656,0.00041232,0.0015008,0.0113822,0.00383616,0.00020112
901,0.00017232,0.00041408,0.00150032,0.011567,0.00373488,0.00019856
902,0.0001704,0.00040432,0.00149392,0.011733,0.0036456,0.00019952
903,0.00015728,0.0004136,0.0014904,0.0119021,0.00357344,0.00019936
904,0.00015264,0.00039392,0.00146656,0.0122757,0.0034848,0.00019264
905,0.00015296,0.00055056,0.00145728,0.0124642,0.0034056,0.00019216
906,0.000168,0.00040288,0.00143216,0.0127491,0.0033344,0.00019456
907,0.00014144,0.00037872,0.00144832,0.0131026,0.00328256,0.0001952
908,0.00016768,0.00054256,0.00142736,0.0134443,0.00322512,0.0001944
909,0.00015056,0.0003944,0.00143632,0.0136894,0.00318576,0.00019376
910,0.00014896,0.00038336,0.00144032,0.0143414,0.00315728,0.0001888
911,0.00013696,0.00039072,0.001468,0.0148514,0.00317712,0.00019504
912,0.00013488,0.00039456,0.00145728,0.015411,0.00317792,0.00019264
913,0.00015376,0.0004176,0.0014496,0.0159982,0.0032312,0.00019664
914,0.00015616,0.00042272,0.00146192,0.0168445,0.00333024,0.0001976
915,0.00015904,0.00040016,0.00147744,0.017415,0.00345776,0.00019872
916,0.00015152,0.00038992,0.0014952,0.018113,0.00361072,0.00020272
917,0.00015936,0.00037888,0.00148912,0.019143,0.0036312,0.000204
918,0.00014464,0.0004128,0.00152624,0.0202174,0.00367504,0.00021056
919,0.00015984,0.0004096,0.00149728,0.0209685,0.003608,0.00021408
920,0.0001456,0.00039424,0.00152592,0.0218894,0.00361312,0.00021888
921,0.00014752,0.00042016,0.00151472,0.0226366,0.00368656,0.00022144
922,0.0001456,0.00041616,0.0015112,0.0238013,0.00379584,0.00022432
923,0.0001616,0.00039808,0.00150512,0.0247237,0.00389008,0.00022208
924,0.0001416,0.00042048,0.0015288,0.0250317,0.00390384,0.00023008
925,0.00015888,0.00059024,0.00152832,0.025903,0.00393888,0.00023152
926,0.00016448,0.00040816,0.00152016,0.0269651,0.00399968,0.00023536
927,0.00015104,0.0004064,0.00153552,0.0280218,0.00403552,0.00023584
928,0.00014272,0.0004128,0.00154608,0.0287637,0.00410096,0.0002384
929,0.00015936,0.00037008,0.0015464,0.0294197,0.00412912,0.00023744
930,0.00015888,0.00038432,0.00155184,0.0301366,0.00419168,0.00023904
931,0.00014624,0.00041648,0.00156464,0.0306314,0.00419648,0.00023248
932,0.00016,0.00040752,0.00157808,0.0312093,0.0042624,0.00023808
933,0.00013648,0.00043376,0.00159376,0.0317045,0.00429344,0.00023792
934,0.00014896,0.00039072,0.0015928,0.0319981,0.00427232,0.0002384
935,0.00013072,0.00039472,0.00161104,0.0326059,0.00428816,0.00023248
936,0.0001432,0.00039424,0.00159968,0.0330378,0.00427888,0.00023824
937,0.00014048,0.0004144,0.0015896,0.0329234,0.00426608,0.00023488
938,0.00014304,0.00038448,0.0016016,0.0335406,0.00429008,0.00023936
939,0.0001344,0.00041856,0.00159232,0.0335797,0.0042576,0.00023472
940,0.00012544,0.00039456,0.00159984,0.0334686,0.00425872,0.00023568
941,0.00014624,0.00039488,0.00157872,0.0338718,0.00422752,0.00023568
942,0.00012736,0.0003768,0.00159792,0.0339787,0.00420704,0.00023616
943,0.0001312,0.0004056,0.00157296,0.033641,0.00417024,0.00023696
944,0.00014336,0.00054976,0.00156512,0.0336165,0.00415712,0.00024032
945,0.0001376,0.00037824,0.00155152,0.0335934,0.00410496,0.00023552
946,0.00013984,0.0003664,0.00154688,0.0336418,0.00407312,0.0002376
947,0.00013152,0.00056784,0.00154336,0.0337256,0.0040272,0.00024032
948,0.00011936,0.00039536,0.0015448,0.0338101,0.00398368,0.00023504
949,0.00012416,0.00042704,0.00152304,0.0337378,0.00394768,0.00023568
950,0.00012592,0.00041568,0.0015128,0.0341499,0.00391456,0.00023344
951,0.00014672,0.00054512,0.00149888,0.0340678,0.00385568,0.00023392
952,0.0001504,0.00055504,0.00148768,0.0339179,0.00381568,0.00023856
953,0.00013328,0.00053216,0.00149392,0.0336898,0.00376048,0.0002344
954,0.00013344,0.00053328,0.00147776,0.0336758,0.00371904,0.00023264
955,0.00013504,0.00052704,0.001476,0.033604,0.0037,0.00023344
956,0.00010832,0.00041552,0.00149664,0.0334102,0.003636,0.00022736
957,0.000124,0.00038336,0.00145136,0.0332358,0.0036128,0.00022736
958,0.0001304,0.00041712,0.00143712,0.0331142,0.0035728,0.0002264
959,0.00014128,0.0003824,0.0014328,0.0331058,0.00356112,0.000224
960,0.00014032,0.00038576,0.00142416,0.0328248,0.00353264,0.00022496
961,0.00013968,0.0004168,0.00141024,0.0325435,0.00351264,0.00022896
962,0.00013376,0.00039408,0.00140912,0.0322688,0.00347824,0.00022192
963,0.00013424,0.00040448,0.00141056,0.0318226,0.00348224,0.0002224
964,0.000144,0.00038416,0.00140336,0.0318173,0.0034424,0.00021984
965,0.0001216,0.00040752,0.00140704,0.0314915,0.00344144,0.00022208
966,0.00011488,0.00041424,0.00140544,0.0309251,0.00344256,0.00022144
967,0.00012784,0.00041264,0.0013904,0.0307854,0.00342576,0.00022144
968,0.000116,0.00039456,0.00140448,0.0306773,0.00347104,0.00022592
969,0.00011536,0.00041936,0.0013864,0.0304808,0.0034552,0.00022224
970,0.00013008,0.00040848,0.001364,0.030219,0.00346928,0.0002216
971,0.00014624,0.00042592,0.00134416,0.0294203,0.00351184,0.00022272
972,0.0001272,0.00039376,0.00135168,0.0285965,0.00352704,0.00022144
973,0.0001384,0.00038544,0.00135008,0.0275698,0.00356992,0.0002272
974,0.00013888,0.00041312,0.0013304,0.0266302,0.0036096,0.00022992
975,0.0001592,0.00040176,0.00132016,0.0258237,0.00364464,0.0002272
976,0.0001056,0.00043184,0.00135008,0.025001,0.00370768,0.00022896
977,0.00015648,0.00041568,0.00130624,0.0243434,0.00372176,0.0002264
978,0.00012016,0.00036512,0.00131312,0.0230848,0.00378848,0.0002264
979,0.00013872,0.00038704,0.00129168,0.0219589,0.00379904,0.00022672
980,0.00014128,0.00038336,0.00128224,0.0213493,0.0038864,0.00022768
981,0.00013536,0.0004128,0.00129968,0.0212798,0.00392864,0.00022592
982,0.00011312,0.00039856,0.00133712,0.0217725,0.00397056,0.00022528
983,0.00011344,0.00041696,0.00133904,0.0218802,0.00400592,0.00022608
984,0.0001368,0.00041648,0.0013264,0.022333,0.00404208,0.00022576
985,0.00012672,0.0004184,0.00135952,0.0224797,0.00413424,0.00022352
986,0.00011936,0.00041584,0.00134976,0.0227046,0.00418336,0.00022192
987,0.00012768,0.00040464,0.00135968,0.0231568,0.00424048,0.00022208
988,0.00012944,0.0003752,0.00136672,0.023372,0.00428688,0.00021904
989,0.00012752,0.00042112,0.00136464,0.0238122,0.00435264,0.0002232
990,0.00013968,0.00040128,0.00135968,0.0243912,0.0043984,0.00021824
991,0.00015248,0.00038512,0.00135024,0.0248078,0.004492,0.00022192
992,0.00012432,0.0003984,0.00136976,0.0247925,0.0045464,0.00021744
993,0.00013072,0.00037504,0.00135552,0.0252966,0.00458512,0.0002152
994,0.00015648,0.00039008,0.0013464,0.0253779,0.00468752,0.00021616
995,0.0001456,0.00039344,0.00132752,0.0256694,0.004744,0.0002184
996,0.00012416,0.00037664,0.00137104,0.0262051,0.00481264,0.0002176
997,0.00013056,0.00037872,0.00134864,0.0263019,0.00489536,0.00021968
998,0.00012352,0.00041568,0.00135456,0.0259115,0.00500512,0.00022032
999,0.00014688,0.00039088,0.00134512,0.0261358,0.00501664,0.00022048
