frame,blit,computeHDT,computeShadowFrusta,gBuffer,merge,rasterize,shading
0,2.4593e-05,0.000166074,0.000698815,0.0037803,0.000631407,0.00716563,0.000101185
1,2.2814e-05,0.000158222,0.000698815,0.00125452,0.000297926,0.00711556,0.000100741
2,2.3852e-05,0.000159556,0.000690815,0.000709926,0.000349185,0.00740148,0.000102667
3,2.2371e-05,0.00015837,0.000696889,0.000702222,0.000297185,0.00755911,0.000104444
4,2.237e-05,0.000156889,0.000692592,0.000689482,0.000333185,0.00761156,0.0001
5,2.4e-05,0.00015926,0.000689481,0.000713926,0.000350222,0.0079597,0.000101778
6,2.2518e-05,0.000159556,0.000704889,0.000695111,0.000316741,0.0083923,9.9704e-05
7,2.2963e-05,0.000158223,0.000700592,0.000701333,0.000302815,0.00860104,9.9556e-05
8,2.4592e-05,0.000159556,0.000696,0.000714518,0.000350667,0.00878844,0.000101186
9,2.237e-05,0.000158963,0.00069363,0.00166919,0.000580444,0.00873378,0.000100444
10,2.4592e-05,0.000159556,0.000693185,0.00108193,0.000390223,0.00870963,0.000100741
11,2.237e-05,0.000158371,0.000693333,0.000698963,0.000330222,0.00875067,0.000101926
12,2.2519e-05,0.000158223,0.000686963,0.000697926,0.000398222,0.00877718,0.000101777
13,2.3852e-05,0.000159111,0.000702074,0.000717926,0.000379111,0.00876163,0.000101185
14,2.2518e-05,0.000158963,0.000691555,0.000700593,0.000285778,0.00892963,9.9704e-05
15,2.2667e-05,0.000158518,0.000695852,0.000702074,0.000346666,0.00917748,0.000100296
16,2.4e-05,0.00015837,0.000703408,0.000718371,0.000333926,0.00930859,0.000102222
17,2.2815e-05,0.000158963,0.00069526,0.000703259,0.000342963,0.00947319,0.0001
18,2.3852e-05,0.000159556,0.000681778,0.000718074,0.000328593,0.00923659,0.000102518
19,2.2815e-05,0.000157185,0.000707704,0.000707259,0.000323407,0.00925689,0.00010163
20,2.2519e-05,0.000157481,0.000703408,0.000701186,0.000342667,0.00948889,9.8963e-05
21,2.3852e-05,0.000159111,0.000695704,0.000724148,0.000377037,0.00954015,0.000102371
22,2.237e-05,0.000158518,0.000690371,0.000711111,0.000327407,0.00967318,0.000100592
23,2.2519e-05,0.000158815,0.000694815,0.000717333,0.000349629,0.00984089,0.000100741
24,2.3259e-05,0.000159111,0.000695111,0.000741926,0.000381185,0.0103387,9.9704e-05
25,2.4e-05,0.00015837,0.000699112,0.000735555,0.000364297,0.0111787,0.000101037
26,2.3408e-05,0.000157333,0.000690075,0.000717037,0.000411111,0.0106087,9.9111e-05
27,2.3556e-05,0.000157482,0.0007,0.000737926,0.000336592,0.0107308,0.000102222
28,2.2963e-05,0.000157186,0.000694814,0.000721777,0.000301481,0.0102975,0.000100741
29,2.2815e-05,0.000157926,0.000687704,0.000719852,0.000288444,0.00980178,0.000101333
30,2.3259e-05,0.000156889,0.000686371,0.000723111,0.000470815,0.00970533,9.9852e-05
31,2.4889e-05,0.000158815,0.000686074,0.000750518,0.000404297,0.00981718,0.000100741
32,2.2963e-05,0.000158075,0.000696444,0.00159392,0.000517778,0.00981822,0.000100445
33,2.2815e-05,0.000157185,0.000690667,0.00124622,0.000295407,0.00979259,9.9407e-05
34,2.3259e-05,0.000157186,0.000686074,0.000727852,0.000306074,0.00982356,0.000100741
35,2.4889e-05,0.000159556,0.000695852,0.000743259,0.00116889,0.0100351,0.000100741
36,2.3111e-05,0.000158074,0.000688889,0.00127704,0.000540741,0.0100222,0.000102222
37,2.3259e-05,0.000158518,0.000695111,0.000737334,0.00043037,0.0099003,9.9111e-05
38,2.3407e-05,0.000158222,0.000699704,0.000732889,0.000352148,0.0100465,0.000100297
39,2.5481e-05,0.000158519,0.000700148,0.000753777,0.000372889,0.0101776,0.000101482
40,2.4e-05,0.000157926,0.000701778,0.000734815,0.000309481,0.0101671,9.9852e-05
41,2.3852e-05,0.000157037,0.000695111,0.000728592,0.000320741,0.00990993,0.0001
42,2.3852e-05,0.000157334,0.000698814,0.000723259,0.000320148,0.0097923,9.9407e-05
43,2.474e-05,0.000158518,0.000693334,0.000739704,0.000416593,0.0097803,0.00010163
44,2.4e-05,0.000158074,0.000700296,0.000721334,0.000309186,0.00992755,0.000101185
45,2.4297e-05,0.00015837,0.000697185,0.000723112,0.000312444,0.0100849,0.000100148
46,2.3704e-05,0.000157482,0.000690666,0.000721037,0.000316592,0.0102581,0.000101481
47,2.4593e-05,0.000158963,0.0007,0.000731111,0.000344296,0.0102587,0.000102667
48,2.3259e-05,0.000160148,0.000699407,0.000721926,0.000324741,0.010176,9.8962e-05
49,2.3703e-05,0.000157037,0.00066637,0.000730074,0.000407112,0.0101794,9.8963e-05
50,2.3407e-05,0.000157926,0.000698519,0.00072074,0.000303111,0.0101748,9.926e-05
51,2.4149e-05,0.000159704,0.000688889,0.000741778,0.000319555,0.0101433,0.000101926
52,2.2963e-05,0.00015837,0.000671407,0.000719112,0.000303555,0.0100936,0.00010074
53,2.2815e-05,0.000157481,0.000672741,0.000714963,0.000309185,0.010063,0.000102074
54,2.2518e-05,0.000158222,0.000700296,0.000714815,0.000293778,0.0100164,0.00010163
55,2.4445e-05,0.000158814,0.000676741,0.000736445,0.000344741,0.0100751,0.000101037
56,2.2815e-05,0.000158519,0.000686666,0.000715111,0.000311704,0.010028,9.9259e-05
57,2.2814e-05,0.000157926,0.000698666,0.000712,0.000373926,0.0100573,9.926e-05
58,2.2223e-05,0.000158963,0.000694518,0.000709482,0.000349185,0.010055,9.9259e-05
59,2.3852e-05,0.000160148,0.000689185,0.000731111,0.000403852,0.00999941,9.9555e-05
60,2.2371e-05,0.000159259,0.000706223,0.000713778,0.000321481,0.00997896,0.000101333
61,2.2814e-05,0.00015837,0.000692889,0.000709482,0.000304297,0.00994622,0.000100149
62,2.2519e-05,0.000157186,0.000696888,0.000711111,0.000408592,0.00999037,9.9111e-05
63,2.4e-05,0.000158518,0.000704445,0.000733334,0.000377037,0.0100449,0.000102222
64,2.2371e-05,0.000155556,0.000698666,0.000713926,0.000287259,0.0101425,9.9851e-05
65,2.2222e-05,0.000153629,0.000696889,0.000721778,0.000313778,0.0102068,9.8963e-05
66,2.2371e-05,0.000158222,0.000684593,0.000719111,0.000318222,0.0102244,9.9259e-05
67,2.2666e-05,0.000154371,0.000703851,0.00072,0.000293185,0.0102132,0.0001
68,2.237e-05,0.000154518,0.000699852,0.000722963,0.000313778,0.0102142,0.000100593
69,2.2519e-05,0.000154074,0.000690371,0.000729926,0.000318222,0.0100704,0.000101037
70,2.2519e-05,0.000154518,0.000694519,0.000729186,0.000273777,0.010131,0.000101037
71,2.4296e-05,0.000155407,0.000698815,0.000758519,0.000334815,0.0103532,0.00010163
72,2.2667e-05,0.000155704,0.000701778,0.000736741,0.000328,0.0103004,9.9704e-05
73,2.2518e-05,0.00015437,0.000671111,0.000746371,0.000275556,0.0105138,0.000100741
74,2.2666e-05,0.000154815,0.000690666,0.000749482,0.000284297,0.010403,9.8963e-05
75,2.2371e-05,0.000153777,0.000686667,0.00074963,0.000347555,0.0103427,0.000100592
76,2.2371e-05,0.000155407,0.000697778,0.000750074,0.000290222,0.0102671,9.9703e-05
77,2.2666e-05,0.00015363,0.000687704,0.000744148,0.000300297,0.0100947,9.9556e-05
78,2.2074e-05,0.000155259,0.000696148,0.000739111,0.000370963,0.0101366,0.000101334
79,2.3852e-05,0.000154814,0.000698074,0.000759852,0.000329482,0.010047,0.000101926
80,2.237e-05,0.000155112,0.00070237,0.000740888,0.00123541,0.0100274,0.000100889
81,2.2815e-05,0.000155555,0.000695852,0.00144993,0.000464148,0.010036,0.000101037
82,2.2371e-05,0.000154222,0.000680592,0.000738667,0.000272592,0.0100923,9.8963e-05
83,2.2815e-05,0.000154074,0.000700592,0.000744445,0.000350223,0.0100561,0.000100592
84,2.2518e-05,0.000157926,0.000695852,0.000739111,0.000293482,0.00984563,9.9852e-05
85,2.2223e-05,0.000154963,0.000699852,0.000755111,0.000277926,0.00972681,0.000100148
86,2.2963e-05,0.000154963,0.000697334,0.000930815,0.000362222,0.00958563,0.000104889
87,2.4444e-05,0.000155111,0.000704,0.000797926,0.000395408,0.00941867,0.000102222
88,2.237e-05,0.000155704,0.000696741,0.000781185,0.000326815,0.00934622,0.000101482
89,2.2519e-05,0.000153482,0.000701778,0.000784889,0.000341037,0.00348844,0.0001
90,2.2074e-05,0.000153037,0.00069363,0.000765926,0.000255852,0.00663911,0.000100296
91,2.2222e-05,0.000155111,0.000698963,0.00071763,0.000357333,0.00950074,0.000101334
92,2.2371e-05,0.000156,0.000701926,0.000707704,0.000275703,0.00945096,9.8815e-05
93,2.2074e-05,0.000155408,0.000686666,0.000702667,0.000336148,0.00940993,9.8814e-05
94,2.2223e-05,0.000154815,0.000702222,0.000701185,0.000324444,0.00941793,9.9555e-05
95,2.3556e-05,0.00015526,0.000703407,0.000721037,0.000326518,0.0093797,0.000101778
96,2.2222e-05,0.000155259,0.000697926,0.000700445,0.000290815,0.00936607,9.8963e-05
97,2.2518e-05,0.000154667,0.000690814,0.000696296,0.000355704,0.00937274,0.000100593
98,2.2666e-05,0.000154815,0.000694074,0.000702815,0.000300741,0.00934504,9.9704e-05
99,2.9481e-05,0.000154518,0.000677778,0.000696,0.000354222,0.00931156,0.000100741
100,2.237e-05,0.000154222,0.000695111,0.000694963,0.000277482,0.00933318,0.000101185
101,2.2222e-05,0.000154815,0.000705333,0.000691852,0.000495556,0.00941185,9.9407e-05
102,2.2962e-05,0.000155408,0.000698666,0.000692,0.000338075,0.00958118,0.000101186
103,2.3852e-05,0.000155111,0.000680741,0.000712593,0.000303704,0.00968044,0.000100148
104,2.2371e-05,0.000156,0.000694963,0.000701037,0.00037274,0.00974415,0.000100148
105,2.2518e-05,0.000154815,0.000698519,0.000688741,0.000328,0.009488,0.000100444
106,2.237e-05,0.000154222,0.000687408,0.000690074,0.000275704,0.00960222,0.000100296
107,2.2963e-05,0.000154371,0.000699111,0.000698222,0.000375111,0.00969378,9.9111e-05
108,2.2667e-05,0.000154371,0.000683704,0.000700444,0.00113763,0.0097557,9.9555e-05
109,2.2223e-05,0.00015363,0.000697037,0.00119348,0.000276889,0.00988992,9.9555e-05
110,2.2963e-05,0.000155111,0.000686815,0.000692741,0.000374519,0.0101335,0.000100296
111,2.4444e-05,0.00015437,0.000696593,0.000714074,0.000388445,0.0103173,0.000102074
112,2.2667e-05,0.000155111,0.000702518,0.000692148,0.000271852,0.0105099,9.9555e-05
113,2.2518e-05,0.000153778,0.000692,0.000696444,0.000476,0.0106259,0.000101482
114,2.2223e-05,0.000154963,0.000688444,0.000690963,0.000342666,0.0109062,9.9852e-05
115,2.2371e-05,0.000154815,0.000677926,0.000677926,0.000296,0.0110526,0.000101926
116,2.2667e-05,0.000153333,0.000692889,0.000675408,0.000392889,0.0112313,9.9259e-05
117,2.2519e-05,0.000154963,0.000680593,0.000672148,0.000348592,0.0112879,0.000101778
118,2.2963e-05,0.000154666,0.000690223,0.000671556,0.00033837,0.0114834,0.000100888
119,2.4296e-05,0.000154371,0.000699851,0.00069274,0.000480741,0.0115399,0.000101037
120,2.2963e-05,0.000155407,0.000699852,0.000679112,0.000391704,0.0117573,0.000101926
121,2.3407e-05,0.000153778,0.000686519,0.000678074,0.000332889,0.0117514,0.000100445
122,2.2667e-05,0.000154074,0.000681926,0.000670815,0.000317629,0.0118693,9.9111e-05
123,2.2815e-05,0.000154074,0.000697333,0.000671704,0.000295556,0.0118147,0.000101777
124,2.2518e-05,0.000153778,0.000655851,0.000672593,0.000376148,0.0119944,9.9407e-05
125,2.2667e-05,0.000154667,0.000695407,0.000669926,0.00112148,0.0121729,9.9704e-05
126,2.3111e-05,0.000154667,0.000694666,0.00115185,0.000366074,0.0121963,0.00010163
127,2.0889e-05,0.000151111,0.000691111,0.000671111,0.000318074,0.0123599,0.000100297
128,2e-05,0.000150222,0.000695852,0.000693482,0.000312296,0.012277,9.9556e-05
129,2.0592e-05,0.000150222,0.000683555,0.000678815,0.000284148,0.0122114,0.000100444
130,2.0592e-05,0.000150074,0.000697333,0.000678963,0.000323111,0.0118465,0.000101334
131,2.0296e-05,0.000150963,0.000692296,0.000678074,0.000268445,0.0116641,9.8667e-05
132,2.0593e-05,0.000151259,0.000687408,0.000672296,0.000332296,0.011712,9.8666e-05
133,2.0149e-05,0.000149926,0.000696148,0.000672,0.000300296,0.0117271,9.9703e-05
134,2.0296e-05,0.000149926,0.000696592,0.000674074,0.000344889,0.0117344,0.000101926
135,1.9852e-05,0.000150667,0.000688,0.00068,0.000264148,0.011739,0.000101037
136,2.0593e-05,0.000150371,0.000694963,0.000678222,0.000268592,0.0116942,9.9111e-05
137,2.0148e-05,0.000150371,0.000693926,0.000681037,0.00027126,0.0116927,0.000101185
138,2.0149e-05,0.000149926,0.000693778,0.000673481,0.000265185,0.0116702,9.9851e-05
139,2.074e-05,0.000150222,0.000696,0.000674519,0.000273334,0.0115766,0.000101037
140,2.0445e-05,0.00015037,0.000682222,0.000674223,0.000287851,0.0114332,9.8963e-05
141,2.0297e-05,0.000150814,0.000689482,0.000676445,0.000279259,0.0114373,0.000101333
142,2.0889e-05,0.000150667,0.000699555,0.000684,0.000270371,0.0113433,0.000100444
143,2.0444e-05,0.000151111,0.000690519,0.000685482,0.000268148,0.0113132,9.9112e-05
144,2.1482e-05,0.000150222,0.000694519,0.000680593,0.000283259,0.0112172,0.00010074
145,2.0741e-05,0.000149629,0.000696,0.000678963,0.000303555,0.0110016,0.000100741
146,2.0444e-05,0.000149037,0.000687851,0.000688889,0.000271111,0.0113375,9.926e-05
147,2.074e-05,0.000150667,0.00069763,0.000689333,0.000290667,0.0113253,0.0001
148,2.0741e-05,0.00014963,0.000694814,0.000689926,0.000273333,0.0113424,9.8963e-05
149,2.0889e-05,0.000148889,0.000692889,0.000680889,0.000321333,0.0113206,9.8963e-05
150,2.0889e-05,0.000150518,0.000684889,0.000682074,0.000271111,0.0107699,0.000100889
151,2.0593e-05,0.000150074,0.000687111,0.000685333,0.000310666,0.0106942,9.8815e-05
152,2.1185e-05,0.000150667,0.000697037,0.000685037,0.000325481,0.0102286,9.9407e-05
153,2.0593e-05,0.000149334,0.00069437,0.000685629,0.000378222,0.0101511,9.9111e-05
154,2.0741e-05,0.000148889,0.000688297,0.000693777,0.00033037,0.010136,0.000101778
155,2.1185e-05,0.000149926,0.000694815,0.000687555,0.000331556,0.0100993,0.000101926
156,2.0889e-05,0.000149481,0.000660741,0.000690519,0.000255259,0.010008,9.9704e-05
157,2.1037e-05,0.000148444,0.000696593,0.000693778,0.000304593,0.00876918,9.9704e-05
158,2.1778e-05,0.000148741,0.000693629,0.000700148,0.000262963,0.00846267,0.000100148
159,2.1926e-05,0.000148297,0.000691851,0.000692741,0.000305629,0.00835037,0.000101186
160,2.1926e-05,0.000148889,0.000686667,0.000697778,0.000248889,0.00818711,0.00010074
161,2.163e-05,0.000147407,0.000692741,0.000700889,0.000278963,0.00815259,9.9852e-05
162,2.2222e-05,0.000148889,0.000688148,0.000690963,0.000309778,0.00816504,0.000101038
163,2.1926e-05,0.000148888,0.000694963,0.000697186,0.000246667,0.00806978,9.8666e-05
164,2.1926e-05,0.000147555,0.000692889,0.000689037,0.000310667,0.00800681,0.000101481
165,2.1926e-05,0.000149333,0.000693037,0.000687407,0.000264889,0.00821941,0.000101333
166,2.2519e-05,0.000149185,0.000700149,0.000687852,0.000361926,0.00812978,9.9704e-05
167,2.1926e-05,0.000148889,0.000688888,0.000684741,0.000257185,0.00811259,0.000101185
168,2.2667e-05,0.000148444,0.000693926,0.000683852,0.000303556,0.00809718,9.9555e-05
169,2.1777e-05,0.000149037,0.000689037,0.000681777,0.00132519,0.0081637,9.9408e-05
170,2.163e-05,0.000149778,0.00069837,0.00121407,0.000246519,0.00820711,0.0001
171,2.2518e-05,0.000148593,0.000677482,0.000681777,0.000311111,0.00828415,0.000100741
172,2.2519e-05,0.00014874,0.000696148,0.000681186,0.000258963,0.00832193,0.000101629
173,2.1333e-05,0.000148148,0.000696444,0.000684445,0.000265482,0.00839378,0.000101333
174,2.163e-05,0.000148296,0.000694667,0.000681482,0.000264889,0.00849659,9.9259e-05
175,2.1926e-05,0.000149334,0.000691704,0.000705185,0.000387555,0.00856533,9.8963e-05
176,2.1778e-05,0.000148741,0.000674963,0.000685629,0.000314815,0.00877007,9.9555e-05
177,2.163e-05,0.00014963,0.000688444,0.000677481,0.000282666,0.0101766,0.000100593
178,2.2223e-05,0.000150814,0.000699112,0.000683408,0.000325481,0.0106384,9.9111e-05
179,2.1926e-05,0.000149778,0.000697185,0.000672741,0.000351111,0.0115625,0.000100444
180,2.1778e-05,0.000151407,0.000694815,0.000668297,0.000266519,0.0123975,0.000101333
181,2.1926e-05,0.000151407,0.000688741,0.000668889,0.000258518,0.0137086,9.8963e-05
182,2.2222e-05,0.00015037,0.000696148,0.000671704,0.000328445,0.0145471,0.000101778
183,2.163e-05,0.000150371,0.000695555,0.000671703,0.000257926,0.015423,9.9555e-05
184,2.1925e-05,0.000151111,0.000692,0.000673629,0.000312445,0.0160298,9.9704e-05
185,2.163e-05,0.000151111,0.00066637,0.000674667,0.000306963,0.016551,0.000100889
186,2.1482e-05,0.000150074,0.000682222,0.000684445,0.000332148,0.0172102,0.000100444
187,2.1185e-05,0.000149185,0.000690075,0.000674815,0.000321926,0.0178206,0.000100741
188,2.1038e-05,0.000150518,0.000701926,0.000674074,0.000300148,0.017011,0.000100296
189,2.1778e-05,0.000148741,0.000690518,0.000673778,0.000407852,0.0162523,9.9111e-05
190,2.0592e-05,0.000149778,0.000673778,0.000675555,0.000306371,0.0167246,0.000100741
191,2.1037e-05,0.000149481,0.000686519,0.000676741,0.000271407,0.0160953,0.000100888
192,2.0889e-05,0.000149629,0.000701037,0.000674815,0.000364148,0.016672,0.000100889
193,2.0741e-05,0.000149185,0.000685778,0.000676296,0.00032474,0.0176979,9.926e-05
194,2.1037e-05,0.000148741,0.000688296,0.000676,0.000313333,0.0181428,0.000100149
195,2.163e-05,0.000148593,0.000681926,0.000676889,0.000337185,0.017987,9.9555e-05
196,2.0889e-05,0.000148889,0.000685185,0.000688741,0.000306667,0.0184575,0.000101333
197,2.0741e-05,0.000149481,0.000687408,0.000677037,0.000320889,0.0186566,9.9555e-05
198,2.0445e-05,0.000148296,0.000686074,0.000676,0.000323111,0.0180012,0.000100148
199,2.1037e-05,0.000147556,0.000696741,0.000678963,0.000316592,0.0181441,0.00010163
200,2.0889e-05,0.000149777,0.000690371,0.000685926,0.000319556,0.0179496,0.000101778
201,2.0296e-05,0.000148148,0.000680592,0.000686371,0.000403407,0.0172984,9.8815e-05
202,2.1482e-05,0.000148296,0.000694963,0.000687111,0.000323111,0.0167936,0.00010074
203,2.1186e-05,0.000147704,0.000692148,0.000680593,0.00112607,0.0169486,9.8815e-05
204,2.0889e-05,0.000148444,0.000684741,0.00121185,0.000320741,0.0175425,0.0001
205,2.0741e-05,0.000148148,0.000697334,0.000691111,0.000337926,0.0174759,0.000100889
206,2.0444e-05,0.000148148,0.00067837,0.000684445,0.000319407,0.0174833,0.000100296
207,2.0444e-05,0.000148148,0.000688445,0.000685481,0.00031363,0.0178262,0.000100593
208,2.0592e-05,0.000148445,0.000700296,0.000685778,0.000360148,0.0176228,9.9408e-05
209,2.0889e-05,0.000148445,0.000694963,0.000693629,0.000332,0.0175373,9.9407e-05
210,2.0445e-05,0.000147704,0.000693185,0.000686519,0.000268,0.0181302,0.000100148
211,2.1038e-05,0.000148444,0.000691556,0.000688741,0.000315407,0.018281,9.9555e-05
212,2.0444e-05,0.000148296,0.000696296,0.00069363,0.000311852,0.0181747,9.9555e-05
213,2.0741e-05,0.000148296,0.000662963,0.000686074,0.00042,0.0184194,0.000101185
214,2.0741e-05,0.000148741,0.000690074,0.000685778,0.000322963,0.0186662,9.9555e-05
215,2.1333e-05,0.000148741,0.000690815,0.000686518,0.000317037,0.018516,0.000101037
216,2.1482e-05,0.000149481,0.000692297,0.000684296,0.000325777,0.0185139,9.8815e-05
217,2.1037e-05,0.000148296,0.000697334,0.000684148,0.000278963,0.0181138,9.9556e-05
218,2.163e-05,0.000148296,0.000692444,0.000685186,0.000315555,0.0175744,9.9852e-05
219,2.1777e-05,0.000148,0.000691259,0.000694074,0.000336148,0.0173677,9.9111e-05
220,2.1185e-05,0.000149334,0.000674814,0.000686666,0.000318074,0.0173173,9.8815e-05
221,2.1334e-05,0.000154815,0.000689333,0.000688593,0.000331407,0.017555,0.000100889
222,2.1482e-05,0.000148592,0.000690223,0.000687556,0.000330814,0.0165301,0.000100889
223,2.1926e-05,0.000149778,0.000683703,0.000686074,0.000321333,0.0164117,9.9852e-05
224,2.1629e-05,0.000148444,0.000697482,0.000693926,0.000278519,0.0161796,9.9852e-05
225,2.2222e-05,0.000149185,0.000692444,0.000695704,0.00042637,0.0190984,9.9555e-05
226,2.2518e-05,0.000148889,0.0007,0.000688593,0.000319852,0.0187271,9.9852e-05
227,2.2074e-05,0.000149481,0.000684889,0.000690223,0.000309037,0.0181944,9.8666e-05
228,2.2815e-05,0.000148592,0.000657482,0.000690222,0.000329926,0.0153604,9.9408e-05
229,2.1778e-05,0.000149037,0.000691111,0.000689482,0.00033037,0.0152218,9.9259e-05
230,2.1926e-05,0.000149186,0.000671703,0.000698074,0.00167896,0.0157504,9.9852e-05
231,2.2222e-05,0.000149333,0.000699704,0.00118637,0.000266519,0.0154821,9.8667e-05
232,2.2074e-05,0.000149185,0.000690371,0.00114726,0.0011077,0.0159507,9.9704e-05
233,2.2518e-05,0.000149777,0.000679556,0.00120904,0.00039926,0.0158074,9.9408e-05
234,2.2222e-05,0.000149185,0.000698666,0.000699556,0.000261629,0.0164972,0.000100741
235,2.2519e-05,0.000150074,0.000693482,0.000692296,0.000285629,0.016425,0.00010074
236,2.2074e-05,0.000149481,0.000696297,0.000693778,0.000253481,0.0162221,9.8815e-05
237,2.1778e-05,0.000149926,0.000687111,0.000693926,0.000279111,0.0161647,0.0001
238,2.163e-05,0.00014963,0.000686222,0.000691704,0.000330815,0.0160034,9.8963e-05
239,2.163e-05,0.000149185,0.000691555,0.000691111,0.000300296,0.0159136,0.000100741
240,2.1778e-05,0.000149777,0.000701186,0.000698815,0.000266518,0.015484,0.000100592
241,2.1186e-05,0.000149482,0.000676888,0.000690815,0.000268,0.0153359,0.000100889
242,2.1333e-05,0.000151111,0.000682815,0.000689778,0.000282371,0.0152431,9.9259e-05
243,2.1037e-05,0.000150074,0.000692148,0.000688148,0.000256296,0.0150735,0.000100297
244,2.1333e-05,0.000150667,0.000694518,0.000688444,0.000264445,0.0145619,9.9556e-05
245,2.1481e-05,0.000150075,0.000685185,0.00068637,0.000260889,0.0150209,0.000100444
246,2.2074e-05,0.00015037,0.00066963,0.000685333,0.000264296,0.0153631,0.000100741
247,2.1482e-05,0.000149926,0.000700889,0.000686222,0.000246815,0.0151133,9.9407e-05
248,2.2074e-05,0.000150074,0.000696296,0.000687259,0.000306667,0.0148484,0.000100296
249,2.1481e-05,0.00015037,0.000690371,0.000687111,0.000285333,0.0142799,0.000100444
250,2.2074e-05,0.000150666,0.000687111,0.000687704,0.000264741,0.0138859,0.000100445
251,2.1778e-05,0.000150519,0.000696592,0.000686518,0.000283407,0.0139185,9.8963e-05
252,2.163e-05,0.000149778,0.000689482,0.000695111,0.00040563,0.0139799,9.8815e-05
253,2.1333e-05,0.000150074,0.000681334,0.000695407,0.000248592,0.0147169,9.8963e-05
254,2.1481e-05,0.000149926,0.000693777,0.000696,0.000267407,0.0142932,0.0001
255,2.2074e-05,0.000150815,0.000693629,0.000689185,0.000254667,0.014224,9.8963e-05
256,2.163e-05,0.000150075,0.000690814,0.000690074,0.000370815,0.0140631,0.000100296
257,2.2222e-05,0.000149482,0.000695111,0.000689481,0.000289778,0.0146044,0.0001
258,2.1334e-05,0.000151111,0.000657926,0.000685778,0.000262074,0.0140074,0.000100741
259,2.2223e-05,0.000149926,0.000696,0.000685926,0.000247555,0.0138619,9.9703e-05
260,2.1926e-05,0.000149778,0.000691556,0.000684,0.000280445,0.0140027,9.9703e-05
261,2.1926e-05,0.000151259,0.000696296,0.000683704,0.000250074,0.0138557,9.8963e-05
262,2.163e-05,0.000149778,0.000697482,0.000682074,0.000268444,0.0133384,9.926e-05
263,2.1778e-05,0.000150222,0.000683556,0.000681778,0.000251259,0.0131649,9.9852e-05
264,2.2074e-05,0.000150963,0.000695556,0.000682814,0.000292592,0.0130858,0.000100741
265,2.1481e-05,0.000150222,0.000697778,0.000688741,0.000275704,0.0129736,0.000100297
266,2.2222e-05,0.000149778,0.000676593,0.000682222,0.0011197,0.0133467,0.000100889
267,2.2074e-05,0.000150074,0.000684741,0.00116681,0.000349926,0.0128276,0.000100593
268,2.1778e-05,0.000150963,0.00064963,0.000686963,0.000280148,0.0136243,9.8963e-05
269,2.2222e-05,0.000151408,0.000696,0.000680444,0.000247704,0.0131582,9.9556e-05
270,2.2222e-05,0.000150222,0.000677334,0.00068,0.000291852,0.0128993,9.9259e-05
271,2.1778e-05,0.000151111,0.000683704,0.000686963,0.000347407,0.0127428,9.9704e-05
272,2.1926e-05,0.000150963,0.000691555,0.000679112,0.000270815,0.012035,0.000101037
273,2.1926e-05,0.000149926,0.000693333,0.00067763,0.000268593,0.0120148,9.9407e-05
274,2.237e-05,0.000149778,0.000670371,0.000685333,0.000254815,0.0126431,9.9259e-05
275,2.2371e-05,0.000150519,0.000683703,0.00068,0.000261481,0.0130107,9.9259e-05
276,2.2074e-05,0.000150519,0.000687704,0.000678518,0.000262518,0.0129542,0.000100888
277,2.2518e-05,0.000150518,0.000678963,0.000682371,0.000269037,0.0125449,9.9852e-05
278,2.1777e-05,0.000150222,0.000672444,0.000690223,0.000259408,0.0124659,0.00010163
279,2.1778e-05,0.000150667,0.000684889,0.000678963,0.000267111,0.0125363,0.000100445
280,2.2074e-05,0.000151111,0.000691704,0.000679704,0.000248297,0.0125527,9.8963e-05
281,2.1926e-05,0.00015037,0.000696593,0.000680444,0.000264,0.0126761,0.000100889
282,2.2074e-05,0.000149334,0.000678963,0.000677481,0.00026,0.0126775,0.000100148
283,2.1926e-05,0.00014963,0.000696741,0.000678074,0.000391852,0.0127821,9.9407e-05
284,2.1926e-05,0.000150074,0.000690074,0.000675556,0.000270222,0.0127393,0.0001
285,2.163e-05,0.000151408,0.000686074,0.000674963,0.000285482,0.0128599,0.000102222
286,2.1926e-05,0.000150074,0.000686075,0.000675703,0.000289778,0.013075,9.9259e-05
287,2.237e-05,0.000150667,0.000691407,0.000676296,0.000392593,0.0130988,0.0001
288,2.2075e-05,0.000150518,0.000693185,0.00175467,0.00172148,0.0130846,9.9407e-05
289,2.2519e-05,0.000150074,0.000683111,0.00117422,0.000303111,0.0127049,9.9111e-05
290,2.2519e-05,0.000149778,0.000695259,0.00068074,0.000291555,0.0127714,9.9407e-05
291,2.1926e-05,0.000150222,0.000687407,0.000678371,0.000267259,0.0126255,0.000101333
292,2.1778e-05,0.00014963,0.000693481,0.000671852,0.000299852,0.0124801,9.9704e-05
293,2.1926e-05,0.000149185,0.000685778,0.000670667,0.000258815,0.0126692,0.000100296
294,2.2371e-05,0.000149333,0.000691852,0.000670074,0.000281185,0.0132283,0.000101629
295,2.2074e-05,0.000149629,0.000675704,0.000670371,0.000268,0.012949,9.9852e-05
296,2.2519e-05,0.000150667,0.000681481,0.000678815,0.000257185,0.0125517,9.9259e-05
297,2.2074e-05,0.000149778,0.000691555,0.000668889,0.000238371,0.0122182,9.9555e-05
298,2.2519e-05,0.00014963,0.000690518,0.000667407,0.000271259,0.011959,0.000101185
299,2.2222e-05,0.000149926,0.000693629,0.000668,0.000264593,0.0119317,9.9259e-05
300,2.2666e-05,0.000148741,0.00067437,0.000669037,0.000265037,0.0117631,0.000101185
301,2.2074e-05,0.000149185,0.000693778,0.000668148,0.00026,0.0112344,9.9111e-05
302,2.2223e-05,0.000149926,0.000696445,0.000668148,0.000259703,0.0109289,9.8963e-05
303,2.1777e-05,0.000148148,0.000698222,0.000668445,0.000266815,0.0108908,9.9704e-05
304,2.2074e-05,0.000149334,0.000688444,0.000668296,0.000253926,0.0108886,0.000100296
305,2.2667e-05,0.000148,0.000675111,0.000670963,0.00114859,0.0110081,9.9703e-05
306,2.1926e-05,0.000148889,0.000686814,0.00116163,0.000256148,0.0109079,9.9704e-05
307,2.1926e-05,0.000148592,0.000688593,0.000675408,0.000268,0.0111181,0.00010237
308,2.1926e-05,0.000148741,0.000696,0.000666519,0.000252889,0.0115203,0.0001
309,2.1925e-05,0.000148593,0.000693778,0.000664888,0.000255112,0.0119456,9.8667e-05
310,2.1481e-05,0.000149186,0.000688296,0.000664,0.000254519,0.0120252,0.000100593
311,2.1778e-05,0.000149926,0.000692889,0.000662074,0.000368741,0.0122204,9.9111e-05
312,2.1926e-05,0.000151259,0.000679259,0.000667556,0.000289926,0.0120978,9.9704e-05
313,2.2074e-05,0.000150518,0.000699408,0.00066163,0.000261629,0.0119099,9.9111e-05
314,2.2519e-05,0.000151111,0.000693334,0.000661778,0.000259556,0.0118459,9.9407e-05
315,2.2518e-05,0.000150222,0.000698371,0.000662074,0.000292889,0.0116963,9.9408e-05
316,2.2074e-05,0.00015037,0.000698519,0.000664296,0.000258666,0.0115039,9.9556e-05
317,2.1926e-05,0.000151259,0.000699259,0.000667556,0.000256296,0.0111716,0.0001
318,2.1926e-05,0.000149482,0.000677333,0.000675407,0.000259407,0.0109517,9.9704e-05
319,2.1926e-05,0.000156148,0.000691555,0.000666223,0.000255556,0.0106948,0.000100889
320,2.1482e-05,0.000150075,0.000696592,0.000666518,0.000255259,0.0104579,0.000100592
321,2.1185e-05,0.00015037,0.000690667,0.000674667,0.000277778,0.0102812,9.9704e-05
322,2.1186e-05,0.00015037,0.000692445,0.000667407,0.000258963,0.00996163,0.000100148
323,2.0444e-05,0.000150223,0.00069274,0.000666222,0.000265926,0.00963422,0.000101482
324,1.9703e-05,0.000150963,0.000696593,0.000675259,0.000275704,0.00972296,9.9111e-05
325,2.0148e-05,0.000150223,0.000701185,0.000666963,0.000255852,0.0095883,9.8963e-05
326,2.0297e-05,0.000150667,0.000684444,0.000670963,0.000256148,0.00955911,0.000100296
327,2.0149e-05,0.000150815,0.000697333,0.000669926,0.000238814,0.00970267,9.9852e-05
328,2e-05,0.000151111,0.000678075,0.000671555,0.000243852,0.00968193,0.000100741
329,2.0296e-05,0.000150814,0.000691556,0.000682815,0.000271408,0.00985141,0.000100148
330,2.0296e-05,0.000151111,0.000690223,0.000674666,0.000249037,0.00986,9.9111e-05
331,2.0741e-05,0.000151408,0.00069437,0.000677333,0.000284445,0.0100164,9.9852e-05
332,2e-05,0.000150814,0.000696149,0.000676593,0.000248593,0.0100624,9.8963e-05
333,2.0148e-05,0.000150962,0.000684889,0.000687112,0.000250963,0.00999778,0.000100445
334,2.0444e-05,0.000151112,0.000688444,0.00067837,0.000262963,0.0102185,0.000100296
335,1.9704e-05,0.000150223,0.000691555,0.000679407,0.000252592,0.0101585,9.9556e-05
336,2.0296e-05,0.000150371,0.00069437,0.000680889,0.000248149,0.0102966,0.000101333
337,1.9556e-05,0.000149926,0.000696741,0.000678962,0.000276296,0.0101566,9.9407e-05
338,2.0148e-05,0.000150814,0.000687704,0.000678075,0.000264148,0.0105981,9.9112e-05
339,2.0148e-05,0.000151703,0.00069126,0.000686223,0.000252,0.0102513,9.9556e-05
340,2.0297e-05,0.000150371,0.000665629,0.000679259,0.000256444,0.0100157,9.8815e-05
341,2.0445e-05,0.000149926,0.00067837,0.000680148,0.00026237,0.010549,0.0001
342,2.0592e-05,0.000149037,0.000691556,0.000681037,0.000288,0.011303,9.8963e-05
343,1.9704e-05,0.000149629,0.00068563,0.000684297,0.000251703,0.0116308,0.000100148
344,2e-05,0.000150518,0.000692445,0.000688593,0.000264741,0.0112234,9.9556e-05
345,2e-05,0.000149482,0.000689185,0.000693333,0.000257185,0.0118474,0.000100889
346,2.0445e-05,0.00014963,0.000653481,0.000693185,0.000277481,0.0127841,9.8814e-05
347,2.074e-05,0.000149777,0.000683556,0.000695556,0.000267852,0.0132999,0.000100741
348,2.0444e-05,0.000148444,0.000700297,0.000695852,0.00113985,0.0140191,0.000100148
349,2.0593e-05,0.000148593,0.000697037,0.00120563,0.000303407,0.014673,0.00010074
350,2.0296e-05,0.000149482,0.000684889,0.000704592,0.000259111,0.0158339,9.9407e-05
351,2.0741e-05,0.000149333,0.000697334,0.000710815,0.000309185,0.0169471,0.000101037
352,2.0593e-05,0.000148592,0.000691408,0.000713334,0.000258074,0.0178812,9.9555e-05
353,2.1037e-05,0.000148889,0.000688148,0.000713481,0.000275259,0.0193419,9.9852e-05
354,2.0593e-05,0.000147556,0.000694518,0.000860148,0.000286074,0.0209335,0.00010074
355,2.0889e-05,0.000148297,0.000692296,0.000714963,0.00108755,0.021511,0.000101185
356,2.0889e-05,0.000145778,0.000688148,0.001172,0.000288741,0.0232262,9.9852e-05
357,2.0445e-05,0.000146963,0.000693481,0.000724445,0.000278222,0.0239351,0.000101778
358,2.0592e-05,0.000148148,0.000693482,0.000722963,0.000288445,0.0247098,9.9111e-05
359,2.0592e-05,0.000146963,0.000681037,0.000732148,0.000266815,0.0255938,9.9703e-05
360,2.0148e-05,0.000146814,0.000690815,0.00073526,0.000286222,0.0280834,0.000100296
361,2.0149e-05,0.000146075,0.000667259,0.000734666,0.00031274,0.0322428,9.8962e-05
362,2e-05,0.000146963,0.000685037,0.000737185,0.000295556,0.0327893,9.9704e-05
363,2.0149e-05,0.000145778,0.000692445,0.000743407,0.000283703,0.0337913,9.9111e-05
364,2.0297e-05,0.000147704,0.000681037,0.000738667,0.00028074,0.0340757,9.8963e-05
365,2.0296e-05,0.000146519,0.000689481,0.000739555,0.000282667,0.0348068,9.9259e-05
366,2.1926e-05,0.000147555,0.000690074,0.00074963,0.000380296,0.0342455,0.000100148
367,2.0297e-05,0.000147704,0.000691852,0.000742815,0.000318666,0.0346341,9.8963e-05
368,2.0741e-05,0.000147111,0.000694815,0.000745334,0.000268889,0.0346178,9.9704e-05
369,2.0444e-05,0.000148148,0.000690815,0.00161689,0.000297037,0.0346687,9.9704e-05
370,2.1037e-05,0.00014726,0.000689778,0.00121378,0.00028,0.0345705,9.9111e-05
371,2.0741e-05,0.000147408,0.000692592,0.000758222,0.00028963,0.033387,0.000101481
372,2.1186e-05,0.000148741,0.000693185,0.000759111,0.000284296,0.0324034,9.9407e-05
373,2.0889e-05,0.000148444,0.000685481,0.000752741,0.00027837,0.0314584,9.8519e-05
374,2.0593e-05,0.000148889,0.000692148,0.000762074,0.000296148,0.0298813,0.00010074
375,2.0444e-05,0.000147852,0.000692445,0.000761629,0.000326371,0.0295345,0.000100889
376,2e-05,0.000147112,0.000671703,0.000757185,0.000288148,0.0275609,9.8519e-05
377,2.0741e-05,0.000148444,0.000689037,0.000764593,0.000271407,0.026417,9.9556e-05
378,1.9852e-05,0.000147556,0.00066237,0.000765926,0.000281185,0.0257761,9.9704e-05
379,1.9704e-05,0.000147852,0.000691852,0.000768148,0.000280741,0.025923,0.000100741
380,1.9556e-05,0.000148296,0.000689926,0.000766667,0.000291851,0.0246767,0.000100889
381,2e-05,0.00014963,0.000697037,0.00075763,0.000313037,0.0232938,9.8815e-05
382,1.9852e-05,0.000148444,0.000690963,0.000754222,0.000276445,0.0223261,0.000101037
383,1.9556e-05,0.000149185,0.000698963,0.000751259,0.000303704,0.0217373,0.000100444
384,2.0296e-05,0.000148593,0.000648593,0.000756888,0.000280593,0.0209695,9.8815e-05
385,2e-05,0.000149481,0.000679704,0.000741778,0.000285778,0.0197073,9.8815e-05
386,1.9851e-05,0.000149778,0.000691408,0.000752296,0.00027763,0.0151933,9.8667e-05
387,1.9704e-05,0.000149185,0.00067037,0.000729778,0.00110044,0.0190437,0.000101037
388,2.0297e-05,0.000148593,0.000689481,0.00120518,0.000300889,0.0186224,0.000100148
389,2.0444e-05,0.000149185,0.000699112,0.000716741,0.00113689,0.0179176,0.000101481
390,2.0148e-05,0.000148593,0.000686963,0.00117318,0.000291555,0.0174019,0.000100741
391,1.9852e-05,0.000148741,0.000688148,0.00070474,0.000271555,0.0162043,9.9111e-05
392,2.0296e-05,0.000148889,0.000664889,0.000696297,0.000262519,0.0156159,9.926e-05
393,2.1037e-05,0.000149037,0.000699704,0.000698963,0.000276,0.0147393,9.9704e-05
394,2.0148e-05,0.000149926,0.000696889,0.000699259,0.000277037,0.0143351,9.9408e-05
395,2e-05,0.000150074,0.000646518,0.000700445,0.000338667,0.014048,9.9556e-05
396,2.0148e-05,0.000149777,0.000678667,0.000699704,0.000268297,0.0131603,0.000100296
397,2.0592e-05,0.000151407,0.000688,0.000702815,0.000241185,0.0126132,0.000100297
398,2.0148e-05,0.00015037,0.000693482,0.000709778,0.000269334,0.0122836,0.000100148
399,2.0593e-05,0.00014963,0.000697037,0.000711555,0.000257185,0.0119459,9.9555e-05
400,2.074e-05,0.000150962,0.000693926,0.000702519,0.000254223,0.0121849,9.926e-05
401,2.0296e-05,0.000151111,0.000681481,0.0014597,0.000358963,0.0118566,9.9111e-05
402,2.0592e-05,0.000150518,0.000690371,0.000704889,0.000289037,0.0116261,9.8962e-05
403,2.1185e-05,0.000150963,0.000688445,0.000713481,0.000276296,0.0112627,9.9111e-05
404,2.0593e-05,0.000151259,0.000699408,0.000705481,0.000308,0.0110065,0.000100148
405,2.1185e-05,0.000151556,0.000666815,0.000703703,0.000275259,0.0108639,0.000100741
406,2.0741e-05,0.000150667,0.000659556,0.000704444,0.000270518,0.0104194,0.000101482
407,2.0592e-05,0.000150371,0.000694814,0.000714222,0.000307111,0.0099363,9.9556e-05
408,2.0741e-05,0.000150518,0.000698074,0.000707111,0.000264148,0.00932548,0.000100296
409,2.0889e-05,0.000150963,0.000689926,0.000715852,0.000273926,0.00905407,9.9111e-05
410,2.1185e-05,0.000151259,0.000693482,0.000715556,0.000387704,0.00863259,9.9556e-05
411,2.1186e-05,0.000150815,0.000681629,0.000709037,0.000274814,0.00839837,0.000100148
412,2.1185e-05,0.000150074,0.000694815,0.000711111,0.000257037,0.00793333,0.000101037
413,2.1629e-05,0.000150666,0.000696148,0.000711556,0.000312593,0.00779259,9.9852e-05
414,2.1333e-05,0.000152,0.000690815,0.000718815,0.000333037,0.00755985,9.926e-05
415,2.1185e-05,0.000151407,0.000684297,0.000712741,0.00026,0.00719052,9.8814e-05
416,2.1186e-05,0.000151408,0.000685185,0.000711259,0.000250074,0.00711022,0.000100296
417,2.2371e-05,0.000151111,0.000681482,0.000718814,0.000280444,0.00700311,9.9259e-05
418,2.1481e-05,0.000150074,0.000684296,0.000718667,0.000275259,0.00704548,0.000100593
419,2.1481e-05,0.000150519,0.000683111,0.00071037,0.000283407,0.00709585,0.000100444
420,2.1037e-05,0.000149629,0.000682075,0.000708741,0.000264,0.00702133,9.9407e-05
421,2.2223e-05,0.000149778,0.000697629,0.000707704,0.000247851,0.00710119,9.9555e-05
422,2.163e-05,0.000149926,0.000693482,0.000715407,0.000305481,0.00712341,0.000100148
423,2.1334e-05,0.000150815,0.000690074,0.000718815,0.000248888,0.00697067,0.000100592
424,2.1333e-05,0.000149926,0.000690222,0.000710222,0.00025837,0.00693126,9.9556e-05
425,2.1185e-05,0.000149777,0.000683111,0.000717926,0.000253037,0.00689881,0.000100148
426,2.1629e-05,0.000150074,0.000682074,0.00071126,0.000284148,0.00687185,9.9703e-05
427,2.1925e-05,0.000149778,0.00068963,0.000714963,0.000285482,0.00686044,0.000101186
428,2.1778e-05,0.000152741,0.000686518,0.000720741,0.000249185,0.00659363,9.9556e-05
429,2.1334e-05,0.000149778,0.000686371,0.000718666,0.000259703,0.00650918,9.9111e-05
430,2.163e-05,0.000149037,0.000669629,0.000719111,0.000264444,0.00639126,9.9555e-05
431,2.1185e-05,0.000150518,0.000685334,0.000717482,0.000266222,0.006248,9.9704e-05
432,2.2222e-05,0.000151703,0.000687556,0.000715408,0.000247556,0.00630355,9.9259e-05
433,2.1778e-05,0.000150371,0.000686963,0.000720444,0.000258518,0.00630015,9.9556e-05
434,2.1777e-05,0.000150074,0.000693926,0.000710815,0.000283704,0.00635244,9.8963e-05
435,2.1926e-05,0.000150074,0.000690518,0.000713482,0.00025763,0.00640919,0.000101481
436,2.1777e-05,0.00015037,0.000693185,0.000701778,0.000292148,0.00650133,0.000100149
437,2.1926e-05,0.000150074,0.000692296,0.000708148,0.000242222,0.0065477,0.000100445
438,2.1778e-05,0.000149926,0.000695407,0.000697778,0.00117067,0.00651141,0.000100148
439,2.2074e-05,0.000149629,0.000689482,0.0012323,0.000263259,0.00652207,9.9852e-05
440,2.1777e-05,0.00014963,0.00068963,0.000697037,0.000311111,0.00651881,9.9704e-05
441,2.1629e-05,0.000150519,0.000698222,0.000696444,0.000238667,0.00651007,9.9408e-05
442,2.1926e-05,0.000150222,0.000697333,0.000697482,0.000265926,0.006524,9.9111e-05
443,2.1778e-05,0.000150667,0.000697185,0.000698074,0.000314518,0.00656815,0.000100149
444,2.2222e-05,0.000149925,0.000693482,0.00069763,0.000261186,0.00655437,0.00010074
445,2.163e-05,0.000151111,0.000638074,0.000704297,0.000421481,0.00663867,9.8963e-05
446,2.2222e-05,0.000151704,0.000685037,0.000695555,0.000274963,0.00668874,9.9407e-05
447,2.1778e-05,0.000149778,0.000694519,0.000703555,0.000291259,0.00670711,9.8815e-05
448,2.1778e-05,0.000149629,0.000691852,0.000694223,0.000273926,0.0067637,0.000101333
449,2.1334e-05,0.000150222,0.000683555,0.000702223,0.000281037,0.00675911,0.000100296
450,2.1777e-05,0.00015037,0.000687408,0.00143985,0.000291556,0.00684933,9.9556e-05
451,2.1777e-05,0.000150074,0.000696148,0.000701778,0.000289334,0.00684726,9.9556e-05
452,2.1629e-05,0.000150074,0.000691852,0.000699408,0.000290963,0.00682207,9.926e-05
453,2.1482e-05,0.000151259,0.000695704,0.000693037,0.000287111,0.00677259,0.000101333
454,2.2371e-05,0.000150666,0.000674815,0.000696741,0.000283407,0.00675689,9.8963e-05
455,2.2075e-05,0.000149777,0.000696148,0.000693926,0.000268148,0.00671081,9.9407e-05
456,2.1926e-05,0.000148741,0.000669629,0.000692889,0.000289778,0.00664963,9.9407e-05
457,2.1778e-05,0.000149185,0.000672445,0.00069363,0.000257481,0.00660118,9.9852e-05
458,2.1926e-05,0.000149333,0.000696148,0.000684445,0.000252741,0.00658607,0.000101481
459,2.1926e-05,0.000148741,0.000692444,0.000689185,0.000301185,0.00656356,0.0001
460,2.163e-05,0.000148445,0.000689185,0.000682963,0.000279556,0.00655333,9.8814e-05
461,2.1926e-05,0.000146075,0.000681185,0.000686814,0.000273185,0.00652222,0.000100889
462,2.1778e-05,0.000147704,0.000690815,0.000679851,0.000286074,0.00651481,0.0001
463,2.163e-05,0.000146815,0.00069526,0.000685185,0.000282074,0.00646548,0.0001
464,2.1629e-05,0.000149037,0.000673037,0.000679703,0.000271259,0.00641911,0.00010074
465,2.1778e-05,0.00014726,0.000696444,0.000677926,0.000261926,0.00635481,9.9259e-05
466,2.1778e-05,0.000147851,0.00068963,0.000676741,0.000306962,0.00628341,9.9556e-05
467,2.2222e-05,0.000148148,0.000684,0.000677481,0.000285037,0.00618874,0.000100149
468,2.2074e-05,0.000147555,0.000688,0.000675259,0.000235111,0.00611541,0.0001
469,2.1925e-05,0.000148296,0.000669333,0.000676297,0.000248297,0.006056,9.9408e-05
470,2.1777e-05,0.000148,0.000695555,0.00067363,0.000276148,0.00597215,0.000100444
471,2.2371e-05,0.000146371,0.000694518,0.000674666,0.000259852,0.00581615,9.9259e-05
472,2.2074e-05,0.000147408,0.000643555,0.000675703,0.000293037,0.00562489,0.000102222
473,2.163e-05,0.000147852,0.000702963,0.000681926,0.00111718,0.00570044,0.000100593
474,2.163e-05,0.000147852,0.000690518,0.00114978,0.000254815,0.00574385,0.000101185
475,2.1926e-05,0.000148889,0.000690666,0.000674371,0.000268148,0.00577822,0.000102222
476,2.1482e-05,0.000149185,0.000687852,0.000679259,0.000271259,0.00585926,0.000100889
477,2.163e-05,0.000148,0.000694963,0.000676296,0.000249037,0.00611718,9.9407e-05
478,2.1926e-05,0.000148296,0.000696741,0.000667259,0.000245037,0.00620711,0.000101481
479,2.1777e-05,0.000149333,0.000692445,0.000668444,0.000283408,0.0062563,9.9408e-05
480,2.1926e-05,0.000149185,0.000693333,0.00066963,0.000321778,0.00615689,9.9704e-05
481,2.2074e-05,0.000150223,0.000697777,0.00144326,0.000373926,0.00622326,0.000100296
482,2.2222e-05,0.000150074,0.00069526,0.000668592,0.000268444,0.00630904,9.9556e-05
483,2.1777e-05,0.000148593,0.000685777,0.000678074,0.000259112,0.006376,0.000100741
484,2.2074e-05,0.000149037,0.000690815,0.000670667,0.000273777,0.00650385,9.9408e-05
485,2.2222e-05,0.000148741,0.000686518,0.000678222,0.000273185,0.00657052,0.000101482
486,2.237e-05,0.000148,0.000692592,0.000678519,0.000266963,0.00667156,9.9852e-05
487,2.1778e-05,0.000149037,0.000683852,0.00068163,0.000286371,0.00699556,0.000101037
488,2.1629e-05,0.000148741,0.000689629,0.000676296,0.000269926,0.00697852,9.9852e-05
489,2.163e-05,0.000147852,0.000693185,0.000687555,0.000252148,0.00702459,0.000101037
490,2.1186e-05,0.000149037,0.000692148,0.000684889,0.000309925,0.00706578,0.000101629
491,2.1185e-05,0.000149333,0.000690963,0.00167807,0.000287408,0.00753704,9.9259e-05
492,2.1778e-05,0.000148,0.000686815,0.000693629,0.000330222,0.00759718,0.000100297
493,2.1482e-05,0.000147851,0.000685778,0.000687556,0.000265481,0.00774341,9.9851e-05
494,2.1333e-05,0.000147704,0.000661037,0.000687704,0.000256592,0.00798089,0.00010074
495,2.1926e-05,0.000147852,0.000691555,0.000687704,0.00025837,0.00811881,0.000100889
496,2.1481e-05,0.000148,0.000694963,0.000696,0.000287259,0.00857274,0.000101334
497,2.1185e-05,0.000147704,0.000685629,0.000695259,0.000264,0.008644,0.000100445
498,2.1481e-05,0.00014874,0.000695852,0.000689778,0.000246815,0.0087477,0.00010163
499,2.1778e-05,0.000148296,0.000695704,0.00068963,0.00105644,0.00879941,9.9851e-05
500,2.1926e-05,0.000147407,0.000698963,0.00116919,0.000272296,0.00882459,0.000100444
501,2.1481e-05,0.000147111,0.000684889,0.000689037,0.000253334,0.00888726,9.9259e-05
502,2.1926e-05,0.000147556,0.000685926,0.000690815,0.000252889,0.00881733,9.9111e-05
503,2.1481e-05,0.000147704,0.000694074,0.000690666,0.000290074,0.00905481,0.000100593
504,2.163e-05,0.000149185,0.000698222,0.000691556,0.000255111,0.00878385,0.000100296
505,2.1037e-05,0.000149185,0.000689778,0.000692889,0.00025437,0.00881422,9.926e-05
506,2.1925e-05,0.000147407,0.000692741,0.000694371,0.000269038,0.00877452,9.9555e-05
507,2.1481e-05,0.000147259,0.000673037,0.000704148,0.000271111,0.00892074,9.8963e-05
508,2.1334e-05,0.000148445,0.000697481,0.000697185,0.000241037,0.00890815,9.8963e-05
509,2.1629e-05,0.000147408,0.000688148,0.0007,0.000270815,0.00880267,0.000101037
510,2.1333e-05,0.00014637,0.000693926,0.00070163,0.000240889,0.00888756,0.000100445
511,2.1482e-05,0.000147704,0.000689629,0.000703259,0.000264296,0.00889541,0.000101037
512,2.1482e-05,0.000146518,0.000692889,0.000704,0.000289629,0.00938726,0.000101333
513,2.1481e-05,0.000147111,0.000689334,0.000706963,0.000288889,0.00950237,0.000101037
514,2.1629e-05,0.000145926,0.000683407,0.000707111,0.000281334,0.0100148,9.9556e-05
515,2.1926e-05,0.000147556,0.000691852,0.000708592,0.000260592,0.0116381,0.000101037
516,2.1778e-05,0.000147852,0.000691556,0.000709777,0.000376889,0.0121446,0.000101482
517,2.163e-05,0.000146519,0.000683852,0.00071037,0.000264592,0.012609,0.000100148
518,2.1185e-05,0.000146963,0.000693778,0.000713482,0.000293778,0.0129902,0.000100592
519,2.1185e-05,0.000146518,0.000690667,0.000719408,0.000255852,0.013327,9.9852e-05
520,2.163e-05,0.000145629,0.000644297,0.000714519,0.000284296,0.0136301,0.0001
521,2.1185e-05,0.000146074,0.00069837,0.000716297,0.000254519,0.0136763,9.8667e-05
522,2.1481e-05,0.000146667,0.000697777,0.000718222,0.000271111,0.0130683,9.9112e-05
523,2.1482e-05,0.000146963,0.000692445,0.000718518,0.000264,0.0123818,0.0001
524,2.2074e-05,0.000145037,0.000698074,0.000718815,0.000266963,0.0117446,9.8963e-05
525,2.1926e-05,0.000145481,0.000696148,0.00072,0.000260148,0.0154135,9.9556e-05
526,2.1778e-05,0.000146222,0.000694371,0.000727704,0.000259259,0.0153028,0.000101481
527,2.163e-05,0.000146074,0.000691259,0.000722222,0.000266666,0.0150483,0.000101037
528,2.1482e-05,0.000145629,0.000692889,0.000724741,0.000267555,0.0164175,9.9111e-05
529,2.163e-05,0.000146222,0.000687704,0.000725333,0.000255555,0.0177105,0.000101926
530,2.1482e-05,0.000146074,0.000696,0.000727556,0.000263111,0.0174144,9.9111e-05
531,2.1629e-05,0.00014563,0.000687852,0.000732,0.000400445,0.0157464,9.9111e-05
532,2.2222e-05,0.000145926,0.000699704,0.000724888,0.000262963,0.0154262,0.000100593
533,2.1481e-05,0.00014563,0.000691852,0.000724889,0.000285482,0.0195963,9.9259e-05
534,2.1333e-05,0.000146074,0.000692,0.000725481,0.000277778,0.0208388,0.000100297
535,2.1482e-05,0.000145334,0.000691703,0.000724,0.000273185,0.0225695,9.8666e-05
536,2.1334e-05,0.000146815,0.000693778,0.000720889,0.0011243,0.0260133,9.9259e-05
537,2.2074e-05,0.000146222,0.000677334,0.00121881,0.000273778,0.0287207,0.0001
538,2.1334e-05,0.000147556,0.000679852,0.000726962,0.000298666,0.0307047,0.000101185
539,2.1333e-05,0.000145333,0.000686963,0.000718075,0.000268,0.0289733,9.8667e-05
540,2.1185e-05,0.000144296,0.000679556,0.000727111,0.000386371,0.0293584,9.8667e-05
541,2.1334e-05,0.000145038,0.000688,0.000726962,0.00112415,0.0299707,9.9259e-05
542,2.1186e-05,0.000144888,0.000689334,0.00122874,0.000282074,0.0295695,0.000101037
543,2.074e-05,0.000145037,0.000692593,0.000727555,0.000269778,0.03186,9.9703e-05
544,2.1185e-05,0.000144592,0.000688297,0.000736,0.000288592,0.0332089,0.00010163
545,2.1037e-05,0.000145481,0.000693037,0.000741037,0.000256296,0.0336384,0.000100445
546,2.0593e-05,0.000145481,0.000654371,0.000735556,0.000261926,0.0368018,9.8815e-05
547,2.0296e-05,0.00014563,0.000695703,0.000739852,0.000266666,0.0362191,0.000101629
548,2e-05,0.000145926,0.000701037,0.000745778,0.000260592,0.0369227,0.000101778
549,2.0741e-05,0.000146518,0.000690963,0.000737778,0.000269333,0.0378533,0.000100148
550,2.0297e-05,0.000146815,0.000695852,0.000739259,0.000267851,0.0389656,9.9259e-05
551,2.0148e-05,0.000146814,0.000693186,0.000732593,0.000261333,0.039885,0.000101186
552,2.0445e-05,0.00014637,0.000686815,0.000719704,0.000255407,0.038899,9.8963e-05
553,2.0593e-05,0.000146963,0.00068637,0.000716148,0.00107304,0.0391766,0.000100296
554,2.163e-05,0.00014637,0.00068963,0.00117718,0.000268,0.039133,0.000100444
555,2.1481e-05,0.000146518,0.000692296,0.000705186,0.000259852,0.0388637,0.000100297
556,2.0889e-05,0.000146519,0.000692296,0.00147244,0.000322815,0.0385658,0.000100888
557,2.1334e-05,0.000146666,0.000691408,0.00071363,0.000392592,0.0382607,0.000101185
558,2.0889e-05,0.000147408,0.000682666,0.000715852,0.000305481,0.0386077,9.9704e-05
559,2.1037e-05,0.000145926,0.000688592,0.000716148,0.000307556,0.0386778,9.9703e-05
560,2.1185e-05,0.000145481,0.000693926,0.000718371,0.000308444,0.0382566,9.9703e-05
561,2.0889e-05,0.000145037,0.000691111,0.000711111,0.000310815,0.0374769,9.9259e-05
562,2.0444e-05,0.000147111,0.000693334,0.000718963,0.000308889,0.0384521,0.000101334
563,2.0593e-05,0.000145333,0.000695555,0.000713926,0.000366815,0.0391437,9.9555e-05
564,2.0741e-05,0.000150074,0.000693926,0.000723556,0.000315259,0.0389041,9.9259e-05
565,2.0889e-05,0.000145334,0.000693333,0.000716148,0.00118533,0.0384557,9.9556e-05
566,2.1333e-05,0.000145629,0.000698371,0.00121556,0.000296148,0.0386781,0.000100148
567,2.1186e-05,0.000146815,0.000692296,0.000728444,0.00116948,0.0387566,9.8814e-05
568,2.1037e-05,0.000145926,0.000658222,0.00122726,0.000298519,0.037945,9.9407e-05
569,2.0444e-05,0.00014563,0.000693482,0.000725629,0.00047926,0.0375477,9.9111e-05
570,2.1185e-05,0.000146815,0.000687704,0.000724296,0.000295259,0.0374151,0.000101185
571,2.0889e-05,0.000146074,0.000681778,0.000732148,0.000317037,0.0371219,9.9111e-05
572,2.1037e-05,0.000145185,0.000692593,0.000727704,0.00027437,0.0371299,0.000101333
573,2.1185e-05,0.000145334,0.000657333,0.000725629,0.000290518,0.0362296,0.000100593
574,2.1333e-05,0.000145926,0.0007,0.000725926,0.000303259,0.0358179,0.000100889
575,2.0741e-05,0.000146371,0.000689778,0.000725037,0.000282074,0.0357116,0.000100296
576,2.0889e-05,0.000145778,0.000696296,0.00149748,0.000337185,0.0358401,9.9111e-05
577,2.1185e-05,0.000144148,0.000694074,0.000722222,0.000330371,0.0322084,9.8667e-05
578,2.1037e-05,0.000144889,0.000694519,0.000726074,0.000319556,0.0305213,9.9111e-05
579,2.1333e-05,0.000144296,0.000691852,0.000725333,0.000327556,0.0299361,9.9408e-05
580,2.163e-05,0.000147259,0.000657186,0.00072237,0.000284148,0.0297587,9.8963e-05
581,2.1482e-05,0.000146963,0.000693926,0.000735704,0.000329185,0.0255661,0.000101037
582,2.1926e-05,0.000145185,0.00068637,0.000731111,0.000311111,0.0253794,0.000100889
583,2.1482e-05,0.000146371,0.000692889,0.000745037,0.0011763,0.0258243,9.9704e-05
584,2.1777e-05,0.000146074,0.000690667,0.00124533,0.000272445,0.0229713,0.0001
585,2.2074e-05,0.000146371,0.000686814,0.000755704,0.000312889,0.0199154,0.000101037
586,2.1482e-05,0.000146815,0.000682963,0.000768889,0.000283407,0.0182413,0.000100445
587,2.2074e-05,0.000146519,0.000690666,0.000927407,0.000303703,0.0102511,0.000101482
588,2.1926e-05,0.000146223,0.000697185,0.000758963,0.000249926,0.00671155,9.9704e-05
589,2.1926e-05,0.000147556,0.000680593,0.000752296,0.000279111,0.00650518,0.000100592
590,2.2519e-05,0.000148741,0.000679852,0.000743259,0.000244889,0.00636474,0.000101037
591,2.1778e-05,0.000147555,0.000691852,0.000727408,0.000283851,0.00621837,0.000100148
592,2.2074e-05,0.000147852,0.000700148,0.000715259,0.000274074,0.00622978,0.000100445
593,2.2074e-05,0.000147852,0.000691259,0.000711852,0.000270667,0.00671007,0.000100592
594,2.1926e-05,0.000147704,0.000686519,0.000702074,0.000255259,0.00653452,0.000102074
595,2.2074e-05,0.000146222,0.000695259,0.000699704,0.00030237,0.00652148,9.9704e-05
596,2.1778e-05,0.000146074,0.000691556,0.000699704,0.000263111,0.0063283,9.9259e-05
597,2.1926e-05,0.000146371,0.000700592,0.000696888,0.000277334,0.00633689,9.9111e-05
598,2.2222e-05,0.000148,0.000691112,0.00070637,0.000256741,0.00622519,0.000101481
599,2.2518e-05,0.000147704,0.000693481,0.00070563,0.000294371,0.00626207,0.000101778
600,2.2074e-05,0.00014874,0.000690074,0.000706519,0.000273778,0.00622681,9.8963e-05
601,2.1778e-05,0.000146518,0.00069437,0.000701334,0.000263407,0.00620222,9.8667e-05
602,2.2074e-05,0.000147407,0.00069126,0.000701926,0.000277778,0.00622341,9.9852e-05
603,2.1481e-05,0.000148592,0.000690519,0.000709778,0.000242222,0.00620904,9.8815e-05
604,2.2222e-05,0.000146519,0.000670666,0.000701481,0.000288149,0.00623215,9.9407e-05
605,2.1926e-05,0.000147259,0.000696148,0.000701037,0.00025926,0.00627837,9.9555e-05
606,2.1778e-05,0.000148444,0.000687111,0.000699556,0.000310666,0.00626444,0.000100593
607,2.1778e-05,0.000148,0.000665926,0.000697334,0.000257481,0.00637718,9.9111e-05
608,2.237e-05,0.000147852,0.000676889,0.000696148,0.000325186,0.00654474,9.9704e-05
609,2.2963e-05,0.000148889,0.000687555,0.000694222,0.000292741,0.00712993,9.9852e-05
610,2.4e-05,0.000148296,0.000693334,0.000680444,0.000249185,0.00755896,0.000100444
611,2.163e-05,0.000148,0.000693629,0.000678667,0.000267704,0.00770681,9.9555e-05
612,2.163e-05,0.000150222,0.00069363,0.000682518,0.000283555,0.00804089,9.9259e-05
613,2.2518e-05,0.000148741,0.000693481,0.000682667,0.00148267,0.00874815,9.9408e-05
614,2.1777e-05,0.000152741,0.000696592,0.0011723,0.000258667,0.00988059,0.000100297
615,2.1481e-05,0.000148444,0.00069763,0.000698519,0.000308741,0.0105474,0.000101037
616,2.2074e-05,0.000147259,0.000690667,0.000696889,0.000264148,0.0106991,9.9259e-05
617,2.2075e-05,0.000147111,0.000692889,0.000697926,0.000261777,0.0106298,9.9111e-05
618,2.1333e-05,0.000147111,0.00068163,0.000706074,0.00030326,0.0119304,9.8815e-05
619,2.1629e-05,0.000147111,0.00069837,0.000697333,0.000273778,0.0115735,9.9852e-05
620,2.163e-05,0.000146074,0.000692741,0.000694815,0.000252148,0.0114927,0.000101037
621,2.1778e-05,0.000146074,0.000693333,0.000697482,0.000262667,0.0119793,0.0001
622,2.163e-05,0.000147704,0.000695852,0.00070237,0.000284148,0.0124295,9.8815e-05
623,2.2222e-05,0.000145482,0.000692148,0.000709481,0.000288889,0.0118024,9.9408e-05
624,2.1778e-05,0.000145482,0.000692592,0.00070563,0.000271556,0.0115473,9.9704e-05
625,2.1926e-05,0.000146963,0.000702518,0.000716148,0.000302667,0.0120016,0.000104
626,2.1926e-05,0.000145333,0.000698074,0.000709926,0.000264741,0.0125249,9.9704e-05
627,2.2371e-05,0.000146371,0.000682222,0.000711851,0.000274814,0.0143206,9.8963e-05
628,2.2222e-05,0.000145925,0.00068726,0.000711408,0.000306222,0.0148508,9.9407e-05
629,2.237e-05,0.000145333,0.000694222,0.000712296,0.00025526,0.0156279,9.9407e-05
630,2.2222e-05,0.000144592,0.000689926,0.000713186,0.00115289,0.016211,0.000101185
631,2.1925e-05,0.000145185,0.000684297,0.00122667,0.000291704,0.0159933,0.000100593
632,2.1778e-05,0.000146371,0.000688592,0.000721037,0.000287852,0.0154369,0.000100148
633,2.1778e-05,0.000145482,0.000691704,0.000723259,0.000268148,0.0159141,9.9259e-05
634,2.1778e-05,0.000145185,0.000690815,0.000717037,0.00032874,0.0171378,0.000100741
635,2.1926e-05,0.000144741,0.000699111,0.000716592,0.000297334,0.0193901,9.9703e-05
636,2.1778e-05,0.000145333,0.000665778,0.000728593,0.000305629,0.0192667,0.000101185
637,2.1778e-05,0.000146074,0.000693185,0.000725482,0.000312444,0.0192904,9.9407e-05
638,2.1777e-05,0.000145777,0.000673334,0.000727704,0.000286815,0.0184151,0.000101186
639,2.1926e-05,0.000146074,0.000689777,0.00073126,0.000282963,0.0184129,0.000101037
640,2.1926e-05,0.000145926,0.000688296,0.000742222,0.000305778,0.0154326,9.9259e-05
641,2.1925e-05,0.000145481,0.000693334,0.000737185,0.000288741,0.0159901,0.000100148
642,2.1778e-05,0.000145334,0.000695852,0.000725777,0.000289037,0.0159013,0.000101037
643,2.2223e-05,0.000145778,0.000688444,0.000720296,0.000265926,0.016209,9.9259e-05
644,2.2074e-05,0.000145926,0.000688296,0.000712148,0.000291259,0.0172301,9.9407e-05
645,2.1629e-05,0.000146518,0.000694074,0.000709778,0.000284889,0.0167083,0.000100445
646,2.1481e-05,0.000146371,0.000668444,0.000710518,0.000305926,0.0164578,9.9408e-05
647,2.1629e-05,0.000147259,0.000691555,0.000714074,0.000275556,0.0161856,9.9111e-05
648,2.1926e-05,0.000146223,0.000686222,0.000714814,0.00028963,0.0158764,9.9407e-05
649,2.2222e-05,0.000146815,0.000691407,0.000721333,0.00027363,0.0152847,0.000100593
650,2.237e-05,0.000145777,0.000664149,0.000716889,0.000345481,0.0148831,0.000100445
651,2.1926e-05,0.000147704,0.000691407,0.00071837,0.000278666,0.0152637,9.9851e-05
652,2.1926e-05,0.000146963,0.000691852,0.00071837,0.000270222,0.0134347,0.000100741
653,2.1778e-05,0.000147111,0.000694222,0.00071837,0.000321481,0.0128184,0.0001
654,2.1778e-05,0.000148593,0.000692444,0.000715852,0.000293037,0.0126268,9.9111e-05
655,2.163e-05,0.000146519,0.000694222,0.000714222,0.000310518,0.012515,9.9259e-05
656,2.1926e-05,0.000146963,0.000678667,0.000716444,0.000324296,0.0127759,0.000100593
657,2.1777e-05,0.000146667,0.000689185,0.00071763,0.000273482,0.0127573,9.9703e-05
658,2.2222e-05,0.000147852,0.000692741,0.000723555,0.000326223,0.0125756,0.000101185
659,2.2519e-05,0.000146815,0.000696296,0.000716444,0.000289629,0.0126243,9.9407e-05
660,2.2074e-05,0.000146963,0.000691408,0.000717481,0.000318815,0.0129453,9.9259e-05
661,2.237e-05,0.000148,0.000678815,0.000714815,0.000256,0.0130058,9.9259e-05
662,2.163e-05,0.000147704,0.000693037,0.000713037,0.000260889,0.0126861,0.0001
663,2.2074e-05,0.000146371,0.000688444,0.000714815,0.000357334,0.0125711,0.000100296
664,2.1926e-05,0.000146666,0.000681482,0.00071363,0.000301926,0.012332,9.9555e-05
665,2.2371e-05,0.000146963,0.000693037,0.000717037,0.000315852,0.0126627,9.8963e-05
666,2.2222e-05,0.000148296,0.000675111,0.00073363,0.000341778,0.0127681,0.000101037
667,2.1778e-05,0.000146963,0.000694222,0.000717778,0.000301334,0.0119385,9.9259e-05
668,2.1777e-05,0.000147259,0.000698963,0.00071363,0.000332593,0.0119203,9.9112e-05
669,2.2222e-05,0.000152592,0.000696,0.000714371,0.000300741,0.0114979,9.8815e-05
670,2.1926e-05,0.000146075,0.000689925,0.000720148,0.000274963,0.0118702,9.9555e-05
671,2.2518e-05,0.000148297,0.000680296,0.000722074,0.000288,0.0111916,9.8815e-05
672,2.1926e-05,0.000146519,0.000691259,0.000715703,0.000304593,0.0112791,9.9111e-05
673,2.1926e-05,0.000146815,0.000670518,0.000714963,0.000296889,0.011097,9.9556e-05
674,2.2075e-05,0.000147111,0.000696,0.000717037,0.00025837,0.0111447,9.8963e-05
675,2.1926e-05,0.000146519,0.000691852,0.00072,0.000264,0.0110683,9.9259e-05
676,2.1926e-05,0.000147703,0.000693482,0.000726519,0.000255852,0.0100492,9.8815e-05
677,2.2074e-05,0.000146815,0.000691852,0.000723852,0.000254666,0.00994504,0.000100445
678,2.1926e-05,0.00014637,0.000696149,0.000721185,0.000259259,0.00976696,0.0001
679,2.1777e-05,0.000145333,0.00069126,0.000722963,0.000276,0.00895111,9.9111e-05
680,2.163e-05,0.000146371,0.000696592,0.000718963,0.000259111,0.00927793,9.8815e-05
681,2.1482e-05,0.000146518,0.000696296,0.000717186,0.000265629,0.00927141,9.9111e-05
682,2.1481e-05,0.000147852,0.000685926,0.000723407,0.000282074,0.010532,0.00010163
683,2.237e-05,0.000147555,0.000686371,0.000718074,0.000266371,0.0106868,9.9408e-05
684,2.1926e-05,0.000148296,0.000674519,0.000712889,0.000255259,0.010637,9.9111e-05
685,2.1926e-05,0.000148148,0.000696297,0.00071274,0.000269926,0.0105053,0.00010163
686,2.163e-05,0.000147112,0.000695259,0.000711703,0.000281481,0.0105007,0.000101185
687,2.1778e-05,0.000152592,0.000694222,0.000711556,0.000262074,0.0102567,0.000100593
688,2.1926e-05,0.000147704,0.000696445,0.000711111,0.000297334,0.0105399,0.000100592
689,2.163e-05,0.000148297,0.000698963,0.000710222,0.000262963,0.0102624,0.0001
690,2.1778e-05,0.000148148,0.000686222,0.000711556,0.000276741,0.010399,9.9259e-05
691,2.163e-05,0.000147556,0.000678518,0.000718815,0.000281481,0.0107003,9.9555e-05
692,2.1778e-05,0.000146667,0.000690518,0.000719259,0.000258815,0.010752,9.837e-05
693,2.1778e-05,0.000146518,0.00068163,0.000709926,0.000276,0.0106859,9.9407e-05
694,2.1926e-05,0.000146814,0.000696297,0.000711556,0.000297333,0.0103641,0.00010237
695,2.1926e-05,0.000146815,0.000692,0.000711555,0.000264444,0.0101566,0.000100445
696,2.2222e-05,0.000146074,0.000672148,0.000710815,0.000277778,0.00964296,0.000100593
697,2.2074e-05,0.000146371,0.000694518,0.000716888,0.000279704,0.00902178,9.9704e-05
698,2.1777e-05,0.000146667,0.000690074,0.000713926,0.000273334,0.00947541,9.8963e-05
699,2.2074e-05,0.000146222,0.000696296,0.000714815,0.000336296,0.00970356,9.9408e-05
700,2.1629e-05,0.00014726,0.000699851,0.00070874,0.000278371,0.00962193,0.000101038
701,2.1778e-05,0.000148889,0.000693185,0.00070963,0.000295111,0.00944222,9.9407e-05
702,2.163e-05,0.000148148,0.000695704,0.000709037,0.000257037,0.00921289,9.9111e-05
703,2.1778e-05,0.000147556,0.000688148,0.00071437,0.000256148,0.00876667,0.000100444
704,2.2074e-05,0.000146667,0.000684444,0.000711111,0.000272593,0.00862193,9.9111e-05
705,2.1778e-05,0.000147111,0.000700444,0.000720889,0.000277185,0.00860948,9.9111e-05
706,2.1778e-05,0.000146815,0.000692148,0.000722074,0.000263259,0.00889882,9.9704e-05
707,2.1926e-05,0.000146815,0.000692593,0.000716,0.000250963,0.00890104,0.000100888
708,2.2222e-05,0.000146518,0.000694519,0.000726667,0.000272741,0.00884415,0.000100889
709,2.1481e-05,0.000146371,0.000692592,0.000724444,0.00026163,0.0088437,0.0001
710,2.237e-05,0.000145333,0.000695112,0.000728,0.00026563,0.0087397,0.000100593
711,2.2074e-05,0.000145778,0.000685778,0.000729926,0.00026637,0.00843704,9.8815e-05
712,2.2222e-05,0.000144889,0.000686222,0.000737333,0.000283407,0.00902933,9.926e-05
713,2.1926e-05,0.000146519,0.000696,0.000738518,0.000269185,0.00984667,9.9407e-05
714,2.1778e-05,0.000144888,0.000697186,0.000731408,0.000254963,0.00903955,9.9259e-05
715,2.1629e-05,0.000145185,0.000693334,0.000728889,0.000263556,0.00942741,9.8963e-05
716,2.1333e-05,0.000143111,0.000693778,0.000741778,0.000264,0.0087957,0.000100148
717,2.0741e-05,0.000146519,0.000688,0.000746518,0.000262963,0.00551511,9.9259e-05
718,2.1037e-05,0.000145482,0.000694074,0.000748,0.000267851,0.00565585,9.9259e-05
719,2.1186e-05,0.000143556,0.000685185,0.000763703,0.00026074,0.00586163,9.8963e-05
720,2.0889e-05,0.000144148,0.000696592,0.000770371,0.000262222,0.0061043,9.9852e-05
721,2.1334e-05,0.000144741,0.000697333,0.000754074,0.000275852,0.00662207,0.000101333
722,2.163e-05,0.000143259,0.000694222,0.000747111,0.000268296,0.00694548,0.0001
723,2.0888e-05,0.000145926,0.00069126,0.000746666,0.000269037,0.00728593,0.000100296
724,2.1333e-05,0.000145185,0.000685185,0.000742222,0.000259704,0.00756311,9.926e-05
725,2.1186e-05,0.000144593,0.000692296,0.000726074,0.000333037,0.0102615,9.9259e-05
726,2.2074e-05,0.000145037,0.000694963,0.000733778,0.000271852,0.0118239,9.9555e-05
727,2.1334e-05,0.000144889,0.000698074,0.000730667,0.000265481,0.0128259,0.0001
728,2.1482e-05,0.000145481,0.000698075,0.000731407,0.000272,0.0174988,0.0001
729,2.1333e-05,0.00014474,0.000691704,0.000724297,0.000262074,0.0190556,9.8963e-05
730,2.0741e-05,0.000145037,0.000686074,0.000716741,0.000261481,0.022068,9.8963e-05
731,2.163e-05,0.00014563,0.000699407,0.00071363,0.00027437,0.0229459,0.000101481
732,2.1482e-05,0.000146963,0.000686518,0.000716149,0.000252592,0.0318348,9.9556e-05
733,2.1037e-05,0.000147704,0.000694074,0.000712592,0.000266814,0.0299184,0.000100592
734,2.163e-05,0.000144,0.000687556,0.000719852,0.000277926,0.0307305,9.9407e-05
735,2.0889e-05,0.000145629,0.000695852,0.000720297,0.000311259,0.0301308,9.9556e-05
736,2.1481e-05,0.00014637,0.000688297,0.000721037,0.000280593,0.0304517,9.9704e-05
737,2.237e-05,0.000145778,0.000675407,0.000712592,0.000288741,0.0301747,9.9704e-05
738,2.6815e-05,0.000146518,0.000693186,0.00072163,0.000300296,0.0303102,0.000100741
739,2.1778e-05,0.000145926,0.000676889,0.00071274,0.000300148,0.0304865,9.9111e-05
740,2.1185e-05,0.000144889,0.000689777,0.000720741,0.000288445,0.0302431,9.9556e-05
741,2.0889e-05,0.000145629,0.000693037,0.000714074,0.000301778,0.0306979,0.000100296
742,2.1186e-05,0.000145037,0.000683852,0.000715852,0.000372296,0.0307136,0.000100741
743,2.1334e-05,0.000145186,0.000686222,0.000714222,0.000294963,0.0305284,9.8666e-05
744,2.1037e-05,0.000145481,0.000696297,0.000715407,0.000276,0.0305004,0.000100297
745,2.1185e-05,0.000145037,0.000685481,0.000715556,0.000279704,0.0286597,9.9852e-05
746,2.2074e-05,0.000145037,0.000669334,0.000722518,0.000274519,0.0288975,9.9703e-05
747,2.1333e-05,0.000145185,0.000690963,0.000716297,0.000324741,0.0284215,9.9259e-05
748,2.1482e-05,0.00014563,0.000687407,0.000723703,0.000288148,0.0289139,0.000101037
749,2.1481e-05,0.000145778,0.000690815,0.000723703,0.000279556,0.0287332,0.000100593
750,2.1185e-05,0.000144889,0.000687408,0.000725481,0.000366074,0.025391,0.000101482
751,2.1185e-05,0.000145926,0.000691556,0.00072,0.00029437,0.0258111,0.0001
752,2.163e-05,0.000144741,0.000680741,0.000729481,0.000285333,0.0278436,9.9259e-05
753,2.1481e-05,0.000144741,0.00069763,0.000729185,0.000268445,0.0283114,9.9111e-05
754,2.1482e-05,0.000145629,0.00069363,0.000727704,0.00028,0.0284215,9.9852e-05
755,2.1333e-05,0.000144741,0.000691407,0.000731259,0.000280741,0.0274781,0.000100889
756,2.1037e-05,0.000145481,0.000700148,0.000723556,0.000287259,0.0284616,0.000101185
757,2.1334e-05,0.000145778,0.000695259,0.000727111,0.000285629,0.0266484,9.9852e-05
758,2.1333e-05,0.000145778,0.000697482,0.000735555,0.000323408,0.0241246,9.8963e-05
759,2.1629e-05,0.000144445,0.000701629,0.000733926,0.000289037,0.0205225,0.000100297
760,2.1482e-05,0.000145926,0.000689778,0.000720741,0.000283703,0.0246991,0.000100889
761,2.1629e-05,0.000144592,0.000682963,0.000715259,0.000278815,0.0280884,9.926e-05
762,2.163e-05,0.000145037,0.000703111,0.000722963,0.000291111,0.0292114,9.9555e-05
763,2.1926e-05,0.000144889,0.0007,0.000716296,0.000289481,0.0281476,9.837e-05
764,2.1334e-05,0.000145778,0.000683556,0.000723852,0.000294814,0.026908,9.9407e-05
765,2.1185e-05,0.000146222,0.000687556,0.000716741,0.000275111,0.0272151,0.000109186
766,2.1778e-05,0.000145629,0.000689482,0.000716593,0.000285481,0.0270856,9.9407e-05
767,2.2222e-05,0.000145038,0.000675851,0.000717037,0.000358518,0.0272544,9.926e-05
768,2.1482e-05,0.000145037,0.000694222,0.000718815,0.000272148,0.0273252,9.9111e-05
769,2.1778e-05,0.00014563,0.000695111,0.00072,0.000276592,0.027533,0.000100593
770,2.1481e-05,0.000145926,0.000696593,0.00072637,0.000258371,0.0265225,0.000101186
771,2.1629e-05,0.000145333,0.000688741,0.000716741,0.000262667,0.025265,0.000100593
772,2.1778e-05,0.000146963,0.000698074,0.000725185,0.000300741,0.0250622,0.000100296
773,2.1629e-05,0.000145481,0.0007,0.000721333,0.000258667,0.0239268,9.8371e-05
774,2.1777e-05,0.000145629,0.000681778,0.000724445,0.000273037,0.0239216,0.000100889
775,2.1778e-05,0.000145333,0.000678667,0.000718963,0.000267852,0.0231662,0.00010074
776,2.1629e-05,0.000144741,0.000680445,0.000719407,0.000318667,0.0220185,0.000101482
777,2.2074e-05,0.000145334,0.000679111,0.000709037,0.000277037,0.0170879,9.9111e-05
778,2.163e-05,0.000146222,0.000697481,0.000712297,0.000253926,0.0111738,0.000101037
779,2.237e-05,0.000146222,0.000664,0.000722371,0.000267408,0.00984059,9.8963e-05
780,2.1777e-05,0.000145185,0.000697926,0.000727111,0.00025526,0.00833911,0.000100297
781,2.1926e-05,0.000146371,0.000690962,0.000718222,0.000263407,0.00688533,0.00010163
782,2.2222e-05,0.000147555,0.000690222,0.000717778,0.000248889,0.00785748,0.000100741
783,2.2074e-05,0.000146222,0.000692,0.000721926,0.000280296,0.0090963,9.9852e-05
784,2.2074e-05,0.000147111,0.000690815,0.00071363,0.000255704,0.00980148,9.926e-05
785,2.1778e-05,0.000147407,0.000690815,0.000707112,0.000276592,0.0124421,0.000101334
786,2.1926e-05,0.000147556,0.000671259,0.000701481,0.000271407,0.0124316,0.000101185
787,2.2371e-05,0.000147852,0.000685037,0.00069037,0.000263407,0.0123585,9.9703e-05
788,2.1778e-05,0.000147407,0.000695704,0.000689778,0.000254518,0.012419,9.9556e-05
789,2.2222e-05,0.000149037,0.000682223,0.000684592,0.000289185,0.012445,9.9111e-05
790,2.1778e-05,0.000148889,0.000690666,0.000682963,0.000283259,0.0126886,0.000101333
791,2.1778e-05,0.000148888,0.00069126,0.000683259,0.000263111,0.0125895,0.000101185
792,2.163e-05,0.000148445,0.000693777,0.000682518,0.000313185,0.0134326,9.9852e-05
793,2.1926e-05,0.000149038,0.000694962,0.000679851,0.00028563,0.0132476,9.9852e-05
794,2.2074e-05,0.000149334,0.00069274,0.000679111,0.000269778,0.013068,0.000101482
795,2.1926e-05,0.000148445,0.000670518,0.000687407,0.000262666,0.0131225,0.000101037
796,2.1778e-05,0.000150074,0.000688149,0.000679111,0.000244296,0.0131196,0.000100593
797,2.1926e-05,0.000149482,0.000693333,0.000680148,0.000254222,0.0130704,0.00010163
798,2.237e-05,0.000149037,0.000678519,0.000680889,0.000270519,0.0129433,9.8815e-05
799,2.2222e-05,0.000149185,0.000686371,0.000680444,0.000255259,0.0128327,9.9704e-05
800,2.1926e-05,0.000148148,0.000689629,0.00068163,0.000259556,0.0128919,9.8963e-05
801,2.237e-05,0.000148889,0.000692445,0.000687407,0.000302667,0.0127766,0.000100889
802,2.1926e-05,0.000149926,0.00068637,0.000678666,0.000255407,0.0129964,9.8815e-05
803,2.1926e-05,0.000148296,0.000695556,0.000682667,0.000273482,0.0134015,0.000100444
804,2.2074e-05,0.000147852,0.000699703,0.000682667,0.000273926,0.0138274,0.000100148
805,2.1778e-05,0.000148593,0.000687259,0.000684148,0.000259407,0.0138881,9.926e-05
806,2.2667e-05,0.000148,0.000681186,0.000686518,0.000281778,0.0149818,9.9407e-05
807,2.1777e-05,0.000147111,0.000687852,0.000696889,0.00026,0.0152662,0.000100445
808,2.2074e-05,0.000147703,0.000689778,0.000692297,0.000344593,0.0168061,0.000101481
809,2.2519e-05,0.00014637,0.000692,0.000700297,0.000295259,0.019492,9.9111e-05
810,2.2518e-05,0.000146667,0.000688444,0.000705481,0.000261482,0.0210739,9.8667e-05
811,2.2371e-05,0.000145926,0.000693037,0.000717185,0.000275704,0.0218241,9.9851e-05
812,2.1926e-05,0.000146074,0.000691703,0.000721037,0.000270667,0.0239258,9.9703e-05
813,2.1778e-05,0.000145926,0.000687111,0.000721482,0.000259259,0.0273621,9.9259e-05
814,2.2222e-05,0.000145926,0.000693037,0.000725482,0.000262963,0.0282862,9.9704e-05
815,2.2222e-05,0.000147259,0.000679111,0.000736444,0.000271111,0.0262284,0.000100149
816,2.2074e-05,0.000145926,0.000662074,0.000735111,0.000273778,0.0269964,9.9704e-05
817,2.163e-05,0.000145926,0.000691407,0.000741333,0.000338963,0.0314087,0.000100444
818,2.1482e-05,0.000145185,0.000692297,0.000749926,0.000255407,0.030576,9.9111e-05
819,2.1481e-05,0.000144445,0.000664296,0.000756889,0.00107852,0.0307511,9.9111e-05
820,2.1333e-05,0.000145037,0.000697333,0.00122341,0.000266815,0.0293163,0.00010074
821,2.1333e-05,0.000144593,0.000696741,0.000755703,0.000313482,0.0363676,9.9852e-05
822,2.163e-05,0.000145185,0.000701778,0.00122267,0.000306963,0.0332332,0.000101629
823,2.1481e-05,0.000144148,0.000690963,0.000773037,0.000290222,0.032376,9.9408e-05
824,2.1481e-05,0.00014237,0.000695556,0.00078,0.000261926,0.0290899,0.000100593
825,2.1778e-05,0.000142667,0.000685926,0.000783111,0.000333481,0.0308388,9.9704e-05
826,2.1185e-05,0.000143556,0.000691407,0.000782666,0.000312296,0.0284556,0.000100741
827,2.1481e-05,0.000144148,0.000695704,0.000783704,0.000285926,0.0279253,9.9408e-05
828,2.1334e-05,0.00014326,0.000694074,0.000778963,0.000302074,0.0267576,9.837e-05
829,2.1629e-05,0.000143852,0.000700592,0.000768445,0.000274667,0.0261636,0.000101037
830,2.2074e-05,0.000145333,0.000694222,0.000765037,0.000284,0.0259501,9.9407e-05
831,2.1333e-05,0.000144592,0.000692741,0.000769185,0.000420444,0.0247853,9.9704e-05
832,2.1777e-05,0.000146222,0.000690222,0.000756741,0.00029926,0.0221723,0.000101334
833,2.1926e-05,0.00014637,0.000693334,0.00074963,0.000350667,0.0211606,9.9556e-05
834,2.163e-05,0.000145185,0.000695852,0.000750963,0.000319259,0.021235,0.000100444
835,2.1629e-05,0.000146074,0.000693037,0.000751852,0.000280297,0.0204401,0.000100149
836,2.1481e-05,0.000146667,0.000668741,0.00075837,0.000291704,0.0208234,9.9556e-05
837,2.1482e-05,0.000148,0.000677185,0.000751111,0.000273037,0.0204148,0.000100444
838,2.2222e-05,0.00014726,0.000697333,0.000748444,0.000295111,0.0185188,9.9407e-05
839,2.2222e-05,0.000147259,0.000691704,0.000758815,0.000272296,0.0187347,9.9111e-05
840,2.1926e-05,0.000148148,0.00069363,0.00166118,0.000316444,0.0173818,0.000100889
841,2.1778e-05,0.000147555,0.000690667,0.000741926,0.000271555,0.0166539,0.000101333
842,2.2223e-05,0.000148,0.000698519,0.00073437,0.000293629,0.0173339,9.8518e-05
843,2.1926e-05,0.000147407,0.00068726,0.00073363,0.000385629,0.0173028,9.9111e-05
844,2.1926e-05,0.000147852,0.00069437,0.000722222,0.000275703,0.0167022,9.926e-05
845,2.2074e-05,0.000148592,0.000688741,0.000701186,0.000262518,0.0159356,9.9556e-05
846,2.1629e-05,0.000149185,0.000699555,0.000688889,0.000316889,0.0150004,0.0001
847,2.1037e-05,0.000148889,0.000693778,0.000679259,0.000271259,0.0149031,0.000100297
848,2.1333e-05,0.000148148,0.000693629,0.000676593,0.000268741,0.0148569,0.000101333
849,2.1037e-05,0.000149629,0.000676148,0.00067126,0.000283555,0.0141184,9.9556e-05
850,2.0741e-05,0.000149037,0.000681037,0.000673037,0.00027363,0.0132001,9.8815e-05
851,2.1482e-05,0.000149481,0.000695852,0.000665482,0.000268741,0.0124461,0.000100888
852,2.1186e-05,0.000150518,0.00067763,0.000666667,0.000274666,0.0118757,9.9111e-05
853,2.0741e-05,0.000150074,0.000682667,0.000663111,0.000260444,0.0112874,0.000100445
854,2.074e-05,0.000150222,0.000691259,0.000663556,0.000276741,0.0110387,9.9259e-05
855,2.1037e-05,0.000150667,0.000694666,0.000662815,0.000266667,0.0104898,9.8667e-05
856,2.0889e-05,0.000149926,0.000686074,0.000663556,0.000261926,0.0100307,0.0001
857,2.0593e-05,0.000149925,0.000688593,0.000666223,0.000279555,0.00939378,0.000100296
858,2.0741e-05,0.000149926,0.000692593,0.000665778,0.000278963,0.00881318,9.9111e-05
859,2.1186e-05,0.000150667,0.000680148,0.000665037,0.000362814,0.00867556,0.000101037
860,2.1778e-05,0.000150667,0.000687852,0.000663111,0.000252445,0.00835289,0.000101333
861,2.074e-05,0.000150518,0.000694371,0.000664297,0.000250815,0.00813126,0.000101185
862,2.1186e-05,0.00014963,0.00068963,0.00067037,0.000249925,0.007856,0.000100444
863,2.1037e-05,0.000149926,0.00069763,0.000669777,0.000263111,0.00784281,0.000100889
864,2.1185e-05,0.000150074,0.000684445,0.000661777,0.000275111,0.00770326,0.00010074
865,2.1926e-05,0.000149778,0.000662667,0.000659407,0.000389481,0.0075843,9.9704e-05
866,2.1481e-05,0.00014963,0.000687703,0.000658518,0.000277037,0.00748326,9.9556e-05
867,2.1926e-05,0.000149185,0.000693926,0.000657186,0.000267703,0.00723881,9.8815e-05
868,2.1482e-05,0.000149926,0.00070237,0.000656889,0.000278666,0.00712104,0.000100592
869,2.1037e-05,0.000150074,0.000695555,0.000658075,0.000266222,0.00699274,9.9704e-05
870,2.1037e-05,0.000150222,0.000696444,0.000663408,0.000282518,0.00686859,0.00010163
871,2.1333e-05,0.000149926,0.000693333,0.000661334,0.000262074,0.00680163,9.9556e-05
872,2.1333e-05,0.000151111,0.000689185,0.000654074,0.00027126,0.00657911,0.000100148
873,2.1333e-05,0.000149333,0.000681482,0.000654815,0.000274815,0.00644504,9.9259e-05
874,2.163e-05,0.00015037,0.000676,0.000653186,0.000241777,0.00634963,0.000100445
875,2.163e-05,0.000149333,0.00069837,0.000648741,0.000253037,0.00604904,9.9852e-05
876,2.1037e-05,0.000149333,0.000677037,0.000649186,0.000248,0.0058643,0.000101926
877,2.0741e-05,0.000150963,0.000694963,0.000652148,0.000241481,0.00577007,0.000100593
878,2.1037e-05,0.000149481,0.000689185,0.00064326,0.000248592,0.00567926,0.000101778
879,2.1185e-05,0.000149333,0.000688741,0.000649333,0.000275852,0.00562222,9.9703e-05
880,2.1333e-05,0.000149185,0.000692,0.000642519,0.000302519,0.00547244,0.0001
881,2.1037e-05,0.000149185,0.000696593,0.000649629,0.000271556,0.0053363,9.9852e-05
882,2.1185e-05,0.000150519,0.000696889,0.000648444,0.000258074,0.00521837,0.000100297
883,2.1037e-05,0.000149482,0.00069037,0.000639851,0.000246666,0.00510741,9.9703e-05
884,2.1333e-05,0.000150518,0.000694963,0.000638371,0.000233037,0.00494963,0.000100889
885,2.1186e-05,0.000150222,0.000658518,0.000644149,0.000367555,0.00485052,0.000100148
886,2.0889e-05,0.000149482,0.000703703,0.000634666,0.000275407,0.00477363,9.926e-05
887,2.0888e-05,0.000149925,0.000698667,0.00064163,0.000277778,0.00472163,0.000100296
888,2.1186e-05,0.000149926,0.000697778,0.000633481,0.000230074,0.00467052,0.000100148
889,2.1334e-05,0.000149334,0.000697926,0.000642518,0.000237185,0.00461956,0.000100592
890,2.1481e-05,0.000151111,0.000694074,0.000639408,0.000278222,0.004596,9.9852e-05
891,2.1333e-05,0.000150815,0.000695555,0.000639407,0.000267111,0.00458563,9.8963e-05
892,2.1482e-05,0.000149482,0.000679851,0.000627704,0.000294074,0.00457452,9.8518e-05
893,2.1334e-05,0.000150666,0.000690963,0.000625926,0.000357778,0.00455333,0.000101333
894,2.1926e-05,0.000150519,0.000680148,0.000624148,0.000255704,0.00449867,0.0001
895,2.1482e-05,0.000150223,0.000689926,0.00062874,0.000279703,0.00444904,9.9111e-05
896,2.1037e-05,0.000150518,0.000657037,0.000626519,0.000276889,0.00441511,9.8814e-05
897,2.1481e-05,0.00014963,0.000691407,0.000618222,0.000240889,0.00436978,9.9111e-05
898,2.1481e-05,0.000150075,0.000688888,0.000616444,0.000295556,0.00432,0.0001
899,2.1037e-05,0.000149778,0.000690222,0.000614814,0.000256889,0.00426281,9.9852e-05
900,2.1037e-05,0.000152741,0.000680296,0.000622815,0.000259703,0.00419748,9.9112e-05
901,2.163e-05,0.000149481,0.000705334,0.000622074,0.000233926,0.00410963,0.0001
902,2.1481e-05,0.000150519,0.000692,0.00062163,0.000292445,0.00403185,0.000100149
903,2.0889e-05,0.00014963,0.000683852,0.000615111,0.000268444,0.00399585,0.000100741
904,2.0889e-05,0.000150223,0.000697925,0.000615555,0.000225185,0.00398044,9.8815e-05
905,2.1482e-05,0.000148741,0.000700444,0.000614519,0.000281629,0.0039797,9.8963e-05
906,2.0741e-05,0.00014963,0.000691851,0.000614963,0.000252148,0.00397956,9.9407e-05
907,2.1185e-05,0.000150222,0.000684444,0.00061526,0.000270074,0.00398133,9.9556e-05
908,2.0593e-05,0.000150518,0.000669333,0.000614963,0.000234074,0.00398993,9.9556e-05
909,2.0889e-05,0.000150222,0.000696889,0.000613482,0.000284741,0.00397822,0.000100148
910,2.0296e-05,0.000149333,0.000697482,0.000620148,0.000243852,0.00401748,9.9852e-05
911,2.0445e-05,0.000148593,0.000691555,0.00107304,0.000473481,0.00404874,0.0001
912,2e-05,0.000148297,0.000701777,0.000773037,0.000264296,0.00412548,0.000100593
913,2.0296e-05,0.000148148,0.000686667,0.000619111,0.000289037,0.00441689,0.000101482
914,2.0148e-05,0.000148296,0.000655704,0.000612445,0.000311259,0.00493481,9.9408e-05
915,2.0297e-05,0.000148445,0.000693185,0.000614814,0.000233629,0.00568578,9.9259e-05
916,1.9704e-05,0.000147111,0.000673037,0.000624445,0.000263111,0.00580622,9.9556e-05
917,2.0148e-05,0.000147556,0.000657481,0.000616148,0.00027763,0.00597289,9.9704e-05
918,2.0296e-05,0.000149333,0.000694223,0.000625333,0.00027037,0.00610504,0.000100296
919,1.9852e-05,0.000148148,0.000678667,0.000620741,0.00028237,0.00627689,9.9556e-05
920,1.9703e-05,0.000147556,0.000693333,0.000620148,0.000254223,0.00666355,0.000100296
921,1.9852e-05,0.000146518,0.000696445,0.000624297,0.000262667,0.00717733,0.00010074
922,1.9852e-05,0.000148296,0.000692296,0.000626667,0.000262518,0.00731941,9.9259e-05
923,2.0297e-05,0.000147555,0.000696149,0.000630074,0.000301778,0.00736489,9.9111e-05
924,1.9704e-05,0.000148296,0.000689482,0.000641037,0.000263111,0.00749304,0.0001
925,2e-05,0.000147408,0.000696,0.000640889,0.000287556,0.00787392,0.000100148
926,2e-05,0.000147259,0.000686519,0.000637185,0.000250074,0.00798859,9.9704e-05
927,1.9704e-05,0.000146962,0.000690963,0.000638815,0.000288889,0.00824296,9.9259e-05
928,2e-05,0.000146074,0.000690667,0.000642074,0.000275555,0.00825896,0.000100741
929,2.0296e-05,0.000146519,0.000695407,0.000640593,0.000276741,0.00857778,0.000100444
930,1.9407e-05,0.000146963,0.000690518,0.000649926,0.000298371,0.00926207,9.9852e-05
931,2.0148e-05,0.000146963,0.000693482,0.000653037,0.000256592,0.00948815,0.000101333
932,2.0296e-05,0.00014637,0.000697037,0.00064563,0.000270371,0.00971896,0.000100148
933,2.0297e-05,0.000146815,0.000695407,0.000646963,0.000274074,0.00962504,0.000100889
934,2e-05,0.000151704,0.000688296,0.000648593,0.000270518,0.0097637,0.000101482
935,1.9704e-05,0.00014637,0.000694519,0.00065837,0.000270222,0.00994059,0.0001
936,2.0296e-05,0.00014726,0.000690666,0.000652296,0.000295111,0.0100218,9.9555e-05
937,2e-05,0.000146074,0.000700148,0.00065363,0.000263556,0.010079,0.000103111
938,2e-05,0.000145481,0.000698815,0.000656741,0.000281186,0.0100884,0.00010074
939,1.9704e-05,0.000146074,0.000695259,0.00065763,0.000264889,0.0100847,0.000101777
940,2e-05,0.000146667,0.000678667,0.000656888,0.000286519,0.0101724,9.8815e-05
941,1.9703e-05,0.000146519,0.000681037,0.000658222,0.000278963,0.0100858,9.9408e-05
942,1.9852e-05,0.000146074,0.000686815,0.000665481,0.000265629,0.0100504,0.000100296
943,1.9704e-05,0.000146667,0.000694963,0.000658963,0.000300889,0.00992311,0.000100593
944,1.9555e-05,0.000146223,0.00067837,0.000659259,0.000290222,0.00971763,0.0001
945,2e-05,0.000145185,0.000690815,0.000666963,0.000254666,0.00911941,9.9259e-05
946,2e-05,0.000146074,0.000691259,0.000665185,0.000279408,0.00887852,0.000100592
947,1.9704e-05,0.000147408,0.000690074,0.000665926,0.000261037,0.00861141,9.9111e-05
948,1.9556e-05,0.000145482,0.000697481,0.000657037,0.000264889,0.00844474,0.000100592
949,2.0148e-05,0.000145629,0.000688593,0.000654223,0.00028963,0.00803704,0.000100444
950,1.9555e-05,0.000146074,0.000690222,0.000652889,0.000265037,0.00786089,0.0001
951,2.0148e-05,0.000145926,0.000691407,0.000660889,0.000253926,0.00753763,9.9408e-05
952,1.9407e-05,0.000145926,0.000675111,0.000653482,0.000258519,0.0071643,0.0001
953,2e-05,0.000145185,0.00068,0.000659259,0.00029926,0.006996,0.000101185
954,1.9407e-05,0.000146667,0.000686667,0.000654074,0.000258074,0.00689289,0.00010163
955,1.9704e-05,0.000145926,0.000691704,0.00065037,0.000271407,0.00677452,9.9703e-05
956,1.9852e-05,0.000145777,0.000687704,0.000657778,0.000250963,0.00664504,9.8963e-05
957,2e-05,0.000145037,0.000692592,0.000656593,0.000280444,0.00671067,9.9408e-05
958,2e-05,0.000145926,0.000661926,0.000648445,0.000253481,0.00639807,0.000100593
959,1.9556e-05,0.000146666,0.000692593,0.000655408,0.00024963,0.00637763,9.9555e-05
960,2.0148e-05,0.000146222,0.000694371,0.000646667,0.00029037,0.00670074,9.9556e-05
961,1.9408e-05,0.000145037,0.000684148,0.00064563,0.00027674,0.00637674,0.000100296
962,1.9259e-05,0.000146963,0.000695555,0.00065437,0.000250963,0.00631304,9.9703e-05
963,2e-05,0.000146222,0.000683111,0.000645333,0.000237185,0.00630993,0.00010163
964,1.9852e-05,0.000146371,0.000691852,0.000651407,0.000263556,0.00642874,0.0001
965,2e-05,0.000145481,0.000694074,0.000651852,0.000250963,0.00636652,9.9852e-05
966,2.0148e-05,0.000147111,0.000700593,0.000651703,0.000305037,0.0061117,9.9852e-05
967,1.9704e-05,0.000146963,0.000679704,0.000651111,0.000261629,0.00607556,9.9111e-05
968,2.0444e-05,0.000145629,0.000690371,0.000644297,0.000268297,0.0058517,0.000101482
969,1.9556e-05,0.000145926,0.000699111,0.000652,0.000259852,0.00590622,9.8963e-05
970,1.9259e-05,0.000146371,0.00069837,0.000653333,0.000276741,0.00559511,9.9852e-05
971,2.0445e-05,0.000146074,0.000696741,0.000647259,0.00148859,0.00558593,0.000100444
972,2e-05,0.000145333,0.000700444,0.00117348,0.00159155,0.00565926,9.9111e-05
973,2.0444e-05,0.000145778,0.000668445,0.0011557,0.000264445,0.00550178,9.926e-05
974,1.9704e-05,0.000146667,0.000693037,0.000650667,0.000269481,0.00545304,9.8519e-05
975,1.9555e-05,0.000146222,0.000694519,0.000652148,0.000278815,0.00552726,0.000101333
976,1.9704e-05,0.00014563,0.000688,0.000652444,0.000243111,0.00606607,0.000100889
977,1.9852e-05,0.000145777,0.000696889,0.000653333,0.000247556,0.0062123,9.9259e-05
978,1.9703e-05,0.000147407,0.000687556,0.000652297,0.000242074,0.00609096,0.000101186
979,1.9704e-05,0.000146963,0.000675852,0.000653481,0.000321778,0.00619867,0.000101037
980,2e-05,0.000145482,0.000670963,0.000661333,0.000253481,0.00619585,0.000100593
981,2e-05,0.000146963,0.000685037,0.00065437,0.000304148,0.00631467,9.9852e-05
982,2e-05,0.00014637,0.000693037,0.000665037,0.000300297,0.00610622,0.000101185
983,1.9852e-05,0.000146519,0.000672592,0.000659111,0.000285926,0.00615674,0.0001
984,2.0149e-05,0.000146519,0.000672888,0.000668444,0.000308444,0.00644252,0.000100888
985,1.9852e-05,0.000147259,0.000696593,0.000662222,0.000260148,0.00650489,9.9852e-05
986,1.9704e-05,0.000147111,0.000681481,0.000671111,0.000330518,0.00691837,9.9704e-05
987,2e-05,0.000148593,0.000692,0.00066963,0.000313777,0.00722815,0.000100445
988,2.0296e-05,0.000147259,0.000690667,0.000665037,0.000306815,0.00737304,9.9852e-05
989,2.0444e-05,0.000147555,0.000694371,0.000667111,0.000344593,0.00752163,0.000100297
990,2.0444e-05,0.000146814,0.000701334,0.000669778,0.000284889,0.00765911,9.9556e-05
991,2e-05,0.000147852,0.000692297,0.000678666,0.000299851,0.00784504,0.000101185
992,2.0445e-05,0.000146519,0.000679259,0.000671704,0.00028563,0.00776948,9.8814e-05
993,2.0593e-05,0.00014563,0.000687407,0.000673629,0.000265481,0.00789556,9.9259e-05
994,2.0148e-05,0.000146074,0.000696741,0.000675556,0.000265926,0.00835304,9.9555e-05
995,2.0296e-05,0.00014637,0.000691259,0.000685926,0.000312593,0.00860296,9.9704e-05
996,2e-05,0.000145481,0.000674074,0.000679556,0.000263556,0.00846785,0.000100592
997,2.0148e-05,0.000146074,0.000694222,0.000690518,0.000266371,0.00927082,9.9111e-05
998,2.0741e-05,0.000147851,0.000653334,0.000692,0.000290518,0.00891185,0.000101481
999,2.0445e-05,0.000146815,0.00069674,0.000685926,0.000269037,0.00887111,9.8519e-05
