frame,blit,drawSides,gBuffer,shading
0,7.888e-05,0.017961,0.008912,0.00042192
1,6e-05,0.0120326,0.00174064,0.00040832
2,5.68e-05,0.011181,0.00169168,0.00039504
3,5.472e-05,0.0106733,0.00168288,0.00040736
4,5.216e-05,0.0102194,0.00163952,0.0004016
5,5.248e-05,0.0102214,0.00165488,0.00040096
6,5.264e-05,0.0102192,0.00164064,0.00040304
7,5.28e-05,0.0102202,0.0016376,0.00040624
8,5.248e-05,0.0102198,0.00163296,0.00040176
9,5.264e-05,0.0102218,0.00163136,0.00040432
10,5.248e-05,0.0102198,0.00163504,0.00040192
11,5.28e-05,0.0102197,0.00162096,0.00040512
12,5.312e-05,0.0102198,0.0016152,0.000404
13,5.296e-05,0.0102203,0.00161424,0.00040544
14,5.264e-05,0.0102213,0.00161792,0.00040688
15,5.248e-05,0.0102205,0.00160464,0.00040448
16,5.248e-05,0.0102197,0.00162688,0.00040512
17,5.232e-05,0.0102198,0.00162464,0.00040656
18,5.248e-05,0.0102166,0.00163664,0.00040992
19,5.232e-05,0.0102218,0.0016416,0.00040256
20,5.216e-05,0.0102192,0.00164272,0.00039984
21,5.216e-05,0.0102202,0.00161792,0.00040096
22,5.232e-05,0.010224,0.00165648,0.00040848
23,5.12e-05,0.0102214,0.00165664,0.00040416
24,5.088e-05,0.0102187,0.00166208,0.000408
25,5.072e-05,0.01022,0.00166368,0.00040432
26,5.056e-05,0.0102214,0.00165968,0.000404
27,5.056e-05,0.010221,0.00166592,0.0004056
28,5.024e-05,0.0102211,0.00167712,0.0004088
29,5.008e-05,0.0102218,0.00168064,0.00040768
30,4.976e-05,0.0102213,0.00170784,0.00040736
31,4.944e-05,0.0102219,0.0017064,0.00040464
32,4.912e-05,0.0102248,0.00171792,0.0004072
33,4.832e-05,0.0102253,0.0017224,0.00041056
34,4.848e-05,0.0102282,0.00172816,0.00040848
35,4.816e-05,0.0102237,0.0017376,0.00040944
36,4.752e-05,0.0102272,0.0017512,0.00041248
37,4.736e-05,0.0102248,0.0017488,0.0004056
38,4.688e-05,0.0102267,0.00177904,0.00040848
39,4.688e-05,0.010228,0.00178784,0.00040992
40,4.656e-05,0.0102275,0.00180896,0.00040752
41,4.624e-05,0.0102328,0.00181888,0.00041232
42,4.544e-05,0.0102301,0.00180976,0.00040928
43,4.608e-05,0.0102307,0.00176064,0.00040976
44,4.768e-05,0.010233,0.00171984,0.00041088
45,4.752e-05,0.0102358,0.00170272,0.0004064
46,4.72e-05,0.0102389,0.00168448,0.00040896
47,4.656e-05,0.0102386,0.00168448,0.00040784
48,4.56e-05,0.0102371,0.00163104,0.00040912
49,4.592e-05,0.010237,0.00160992,0.00040432
50,4.912e-05,0.0102378,0.00165696,0.0004088
51,4.896e-05,0.0102362,0.00167344,0.00040912
52,4.88e-05,0.0102382,0.00167296,0.00040656
53,4.896e-05,0.0102392,0.00168592,0.00040624
54,4.88e-05,0.0102394,0.00163616,0.00040448
55,4.896e-05,0.0102411,0.00166336,0.00040896
56,4.896e-05,0.0102402,0.00166832,0.0004072
57,4.896e-05,0.0102416,0.00167168,0.00040416
58,4.88e-05,0.0102446,0.0016752,0.00040496
59,4.944e-05,0.0102464,0.00167584,0.00040992
60,4.896e-05,0.0102448,0.00165792,0.00041088
61,4.88e-05,0.0102515,0.00167824,0.00040944
62,4.864e-05,0.0102528,0.00169008,0.00040896
63,4.864e-05,0.0102539,0.00169248,0.0004064
64,4.88e-05,0.0102565,0.00170352,0.00040608
65,4.864e-05,0.0102624,0.00171376,0.00040848
66,4.848e-05,0.0102694,0.00171664,0.00040624
67,4.848e-05,0.010267,0.00171952,0.00041088
68,4.848e-05,0.0102733,0.00172512,0.00040672
69,4.784e-05,0.010276,0.00173616,0.00040192
70,4.8e-05,0.0102763,0.0017392,0.00040608
71,4.8e-05,0.010284,0.0017224,0.00040928
72,4.768e-05,0.0102864,0.00175952,0.00041216
73,4.752e-05,0.010285,0.00176288,0.00040912
74,4.688e-05,0.0102882,0.0017856,0.00041024
75,4.704e-05,0.0102886,0.00179472,0.00040544
76,4.608e-05,0.010293,0.001796,0.00040976
77,4.528e-05,0.0102918,0.00176896,0.00041088
78,4.4e-05,0.0102939,0.00179856,0.0004128
79,4.448e-05,0.0102909,0.0018128,0.00041008
80,4.656e-05,0.0102925,0.00185232,0.00041056
81,4.704e-05,0.0102978,0.00183904,0.00039312
82,4.736e-05,0.0103019,0.0018496,0.00041008
83,4.768e-05,0.0103091,0.0018312,0.0004056
84,4.704e-05,0.0103126,0.00192112,0.00041024
85,4.624e-05,0.0103171,0.00194272,0.00040736
86,4.656e-05,0.0103197,0.00196768,0.00041248
87,4.672e-05,0.0103355,0.00197728,0.00040992
88,4.864e-05,0.0103365,0.00201008,0.00040672
89,5.248e-05,0.0103059,0.00207312,0.00040576
90,4.96e-05,0.0103213,0.00198416,0.0004056
91,4.72e-05,0.010391,0.00178128,0.00041376
92,4.4e-05,0.0104074,0.00165568,0.0004104
93,4.528e-05,0.0104198,0.00159376,0.00041296
94,4.496e-05,0.0104278,0.0016032,0.00039888
95,4.528e-05,0.0104414,0.001608,0.0004088
96,4.528e-05,0.0104528,0.00160704,0.00041008
97,4.688e-05,0.010469,0.0015912,0.0004088
98,4.736e-05,0.0104765,0.0016,0.00040992
99,4.704e-05,0.0104853,0.00159744,0.00040832
100,4.72e-05,0.0104952,0.00159456,0.00040752
101,4.72e-05,0.0105029,0.00158976,0.00040624
102,4.688e-05,0.0105,0.00159248,0.00040896
103,4.72e-05,0.0105077,0.00158848,0.0004096
104,4.656e-05,0.0105128,0.00159328,0.00040752
105,4.64e-05,0.0105181,0.00159712,0.00041216
106,4.64e-05,0.0105147,0.00160208,0.00041216
107,4.576e-05,0.0104742,0.001604,0.0004096
108,4.576e-05,0.0104739,0.00160384,0.0004112
109,4.528e-05,0.0104662,0.00161648,0.00040736
110,4.48e-05,0.0104517,0.00160112,0.00041216
111,4.448e-05,0.0104253,0.00160848,0.000408
112,4.496e-05,0.010436,0.00159488,0.00041136
113,4.4e-05,0.0104432,0.0015872,0.00041104
114,4.368e-05,0.0104512,0.00158144,0.00041376
115,4.4e-05,0.0104573,0.00157504,0.00040848
116,4.4e-05,0.0104627,0.0015784,0.00041024
117,4.368e-05,0.0104744,0.00159072,0.000404
118,4.352e-05,0.0104746,0.00157696,0.00040528
119,4.336e-05,0.0104891,0.00152096,0.00040832
120,4.352e-05,0.010499,0.001496,0.000412
121,4.352e-05,0.0105069,0.00146448,0.00040944
122,4.336e-05,0.0105166,0.00142432,0.0004112
123,4.384e-05,0.0105256,0.00140944,0.00039968
124,4.336e-05,0.0105371,0.00141744,0.00041152
125,4.304e-05,0.0105451,0.0014088,0.00041168
126,4.288e-05,0.010551,0.001428,0.00040768
127,4.288e-05,0.0105482,0.00142736,0.00041536
128,4.288e-05,0.010555,0.00142992,0.00041024
129,4.208e-05,0.0105578,0.00143312,0.0004136
130,4.208e-05,0.0105258,0.00144144,0.00041232
131,4.192e-05,0.0105171,0.00144096,0.00040816
132,4.192e-05,0.0105274,0.0014568,0.00041184
133,4.144e-05,0.010536,0.00146432,0.00041296
134,4.128e-05,0.0105498,0.00147296,0.00040896
135,4.08e-05,0.0105691,0.00147648,0.00041312
136,4.08e-05,0.0105851,0.00145536,0.00040816
137,4.064e-05,0.0105925,0.00148992,0.00041712
138,4.048e-05,0.0105891,0.00149632,0.0004104
139,4e-05,0.0105784,0.00148928,0.00041536
140,3.968e-05,0.0105568,0.00149184,0.0004112
141,3.936e-05,0.0105789,0.00148144,0.00041408
142,3.904e-05,0.0105955,0.00145488,0.00041616
143,3.888e-05,0.0106176,0.001468,0.00041472
144,3.792e-05,0.0106354,0.00147232,0.00041968
145,3.728e-05,0.0106747,0.00146192,0.00041616
146,3.664e-05,0.0107131,0.00145472,0.00039856
147,3.584e-05,0.010743,0.00145872,0.0004168
148,3.456e-05,0.010777,0.00143168,0.00041376
149,3.344e-05,0.0108374,0.00146432,0.00041488
150,3.232e-05,0.0108781,0.00146176,0.00041488
151,3.12e-05,0.0109134,0.00147008,0.00041488
152,3.008e-05,0.0109442,0.00145904,0.00041744
153,2.944e-05,0.0110003,0.00145584,0.00042112
154,2.88e-05,0.0110539,0.00146112,0.00042096
155,2.816e-05,0.0110986,0.001452,0.0004176
156,2.752e-05,0.0111235,0.00148752,0.0004216
157,2.704e-05,0.0111078,0.00148944,0.00042224
158,2.592e-05,0.011115,0.00148176,0.00042128
159,2.464e-05,0.0111136,0.0015,0.00042
160,2.336e-05,0.0111856,0.00149888,0.00041456
161,2.224e-05,0.0112288,0.00149888,0.0004216
162,2.112e-05,0.0112914,0.00147088,0.0004256
163,1.952e-05,0.0113726,0.0015008,0.000428
164,1.872e-05,0.0114741,0.00151392,0.0004256
165,1.792e-05,0.0115792,0.00152192,0.00042736
166,1.76e-05,0.0117203,0.00152144,0.00042736
167,1.696e-05,0.0118549,0.00155968,0.000428
168,1.68e-05,0.0119434,0.00158512,0.00042736
169,1.728e-05,0.0119387,0.00160608,0.00042832
170,1.648e-05,0.0117877,0.00162192,0.00041984
171,3.824e-05,0.0115613,0.00162544,0.00041616
172,3.808e-05,0.0113579,0.0016296,0.00042
173,3.824e-05,0.0112528,0.00164704,0.00041344
174,3.856e-05,0.0112474,0.00164752,0.00041552
175,3.84e-05,0.0112958,0.00164368,0.00041216
176,3.856e-05,0.0113157,0.00161024,0.0004136
177,3.856e-05,0.0114034,0.0015776,0.00041696
178,3.824e-05,0.01146,0.00151488,0.00041504
179,2.432e-05,0.0114866,0.0014832,0.00041536
180,2.32e-05,0.0114989,0.00145696,0.00042608
181,2.464e-05,0.0115222,0.0014528,0.00041984
182,2.352e-05,0.0114744,0.0014384,0.0004232
183,2.24e-05,0.0114422,0.00142944,0.00042496
184,3.856e-05,0.0113784,0.00143296,0.00041488
185,2.304e-05,0.011275,0.00144096,0.00042688
186,1.936e-05,0.0112072,0.00144592,0.00042672
187,1.856e-05,0.0111605,0.00146224,0.00042768
188,1.808e-05,0.0111738,0.00147024,0.00042704
189,1.824e-05,0.0111325,0.00148544,0.00042352
190,1.824e-05,0.011161,0.00150192,0.00042608
191,2.224e-05,0.0110646,0.00150688,0.00042544
192,1.84e-05,0.0110419,0.00151296,0.00042432
193,1.856e-05,0.011036,0.001508,0.00042416
194,2.128e-05,0.0110714,0.00151216,0.00042848
195,1.744e-05,0.0110731,0.0015224,0.00042624
196,1.856e-05,0.0109637,0.0015,0.00042112
197,2e-05,0.0109338,0.00150704,0.00042688
198,1.936e-05,0.0109122,0.00150192,0.0004272
199,1.904e-05,0.0108696,0.00150576,0.00042656
200,2.16e-05,0.0108466,0.00150064,0.00042544
201,3.936e-05,0.0108382,0.00151408,0.00041264
202,3.984e-05,0.0108123,0.0015144,0.00041184
203,3.456e-05,0.0107821,0.00152144,0.00041424
204,3.984e-05,0.0107589,0.0015168,0.00041696
205,3.984e-05,0.0107462,0.00151392,0.00041376
206,4.016e-05,0.0107347,0.001524,0.00041792
207,3.984e-05,0.0106901,0.00151504,0.00039728
208,4.064e-05,0.0106344,0.00151632,0.0004136
209,4e-05,0.0106078,0.00149104,0.00041568
210,4.016e-05,0.0105795,0.00150656,0.00041104
211,4.016e-05,0.0105317,0.00147952,0.0004152
212,4.032e-05,0.010511,0.00148464,0.0004168
213,4.016e-05,0.0104822,0.00149152,0.00041216
214,4.016e-05,0.0104563,0.00149216,0.000412
215,4.032e-05,0.0104104,0.00148464,0.00041296
216,2.24e-05,0.0103824,0.00147104,0.00042528
217,4.096e-05,0.0103469,0.001468,0.0004144
218,4.128e-05,0.0103405,0.00150672,0.000404
219,4.256e-05,0.0103314,0.00151904,0.00041072
220,4.256e-05,0.0103283,0.00149984,0.00040656
221,4.16e-05,0.0103446,0.00151392,0.00041264
222,4.032e-05,0.0103618,0.00150464,0.00041536
223,3.872e-05,0.0103843,0.00149296,0.000416
224,3.648e-05,0.0104109,0.00149488,0.00041776
225,3.424e-05,0.010443,0.00148688,0.00041696
226,3.328e-05,0.0104715,0.00150832,0.00042192
227,3.312e-05,0.0105218,0.00149408,0.00041488
228,3.376e-05,0.0105619,0.00148128,0.00041872
229,3.28e-05,0.0106077,0.00148208,0.00041776
230,3.152e-05,0.0106506,0.00147328,0.00042144
231,3.104e-05,0.0107102,0.00147648,0.00041568
232,3.088e-05,0.0107579,0.00145296,0.0004176
233,3.12e-05,0.0108286,0.00143792,0.00041952
234,3.184e-05,0.0108682,0.00143296,0.00042368
235,3.28e-05,0.011021,0.00144304,0.00041872
236,1.824e-05,0.0110603,0.00142544,0.00042352
237,3.328e-05,0.0109195,0.0014288,0.00041888
238,2.128e-05,0.0106997,0.0014424,0.0004232
239,1.904e-05,0.0106822,0.0014496,0.00042512
240,2.176e-05,0.0107541,0.00148336,0.00042592
241,2.16e-05,0.0108187,0.00148752,0.00042304
242,3.552e-05,0.010856,0.00147936,0.0004168
243,2.08e-05,0.0108894,0.0014808,0.00042272
244,3.664e-05,0.0108875,0.00147072,0.00041472
245,3.84e-05,0.0108515,0.00148096,0.00041888
246,1.856e-05,0.0108093,0.00149664,0.00042448
247,2.048e-05,0.010804,0.00149088,0.00042448
248,1.776e-05,0.0106098,0.0014936,0.00042688
249,1.68e-05,0.0104939,0.00151168,0.00042624
250,1.984e-05,0.0104792,0.00150112,0.000428
251,4.416e-05,0.0104778,0.001508,0.00040736
252,4.4e-05,0.0104979,0.00151808,0.00041216
253,4.368e-05,0.0105179,0.00151344,0.00041216
254,4.368e-05,0.0105283,0.00148992,0.00041504
255,4.32e-05,0.0105602,0.00145504,0.00041488
256,4.288e-05,0.0106093,0.00143008,0.00040864
257,4.24e-05,0.0106544,0.00141264,0.00041472
258,4.128e-05,0.0107499,0.00142656,0.00041088
259,4.112e-05,0.0108733,0.00142064,0.00041472
260,4.048e-05,0.0109835,0.0014432,0.00041408
261,4.032e-05,0.0110725,0.001444,0.00041632
262,4.016e-05,0.0111333,0.0014232,0.00040896
263,4e-05,0.0112042,0.0014272,0.0004128
264,3.92e-05,0.0112435,0.00142816,0.000412
265,3.856e-05,0.0113053,0.00142448,0.00041456
266,3.792e-05,0.0114114,0.00143024,0.00041312
267,3.808e-05,0.0114576,0.00142608,0.00041488
268,3.824e-05,0.0114984,0.00141552,0.00041776
269,3.776e-05,0.0115125,0.00141776,0.00041248
270,3.792e-05,0.0115997,0.0013888,0.00041104
271,3.776e-05,0.0116019,0.00141392,0.000416
272,3.696e-05,0.0116496,0.00138768,0.00041232
273,3.664e-05,0.0116474,0.00138688,0.00041488
274,3.6e-05,0.0117418,0.00136624,0.00041968
275,3.52e-05,0.0117766,0.001356,0.00041504
276,3.424e-05,0.0118173,0.00136416,0.00041792
277,3.344e-05,0.011845,0.00136176,0.0004104
278,3.216e-05,0.011907,0.0013888,0.00042304
279,3.2e-05,0.0120083,0.00137184,0.00042032
280,3.136e-05,0.0120867,0.0013696,0.00041984
281,3.056e-05,0.0122165,0.0013616,0.00042032
282,3.024e-05,0.012336,0.00136512,0.00042112
283,2.896e-05,0.0124011,0.0013776,0.0004176
284,2.928e-05,0.012492,0.0013784,0.00041936
285,2.976e-05,0.0126066,0.00136656,0.00041744
286,2.944e-05,0.0126755,0.00136352,0.0004208
287,2.928e-05,0.0127621,0.00137392,0.00041568
288,2.832e-05,0.012789,0.00137328,0.00041936
289,2.8e-05,0.0128586,0.00137984,0.00041728
290,1.808e-05,0.0128891,0.00137136,0.00042336
291,2.176e-05,0.0129107,0.00137488,0.00042592
292,2.464e-05,0.0128824,0.00137488,0.00042368
293,2.192e-05,0.0129342,0.0013848,0.00042512
294,2.144e-05,0.0129691,0.00138592,0.00042816
295,2.048e-05,0.012971,0.0013984,0.00043008
296,2.032e-05,0.0129806,0.00139664,0.00043072
297,2.128e-05,0.0128862,0.00139712,0.00042688
298,2.24e-05,0.0128317,0.00138912,0.00040816
299,2.144e-05,0.0128613,0.00137856,0.00042704
300,2.224e-05,0.0128317,0.00136624,0.0004256
301,2.064e-05,0.0128216,0.00134368,0.00042496
302,2.096e-05,0.0128595,0.0013192,0.0004288
303,2.24e-05,0.0128432,0.001324,0.00042208
304,2.256e-05,0.0128254,0.00131424,0.00042416
305,1.984e-05,0.012776,0.00131568,0.00042304
306,2.112e-05,0.0127131,0.0013216,0.00042144
307,2.08e-05,0.0127446,0.001328,0.00042416
308,2.064e-05,0.0127781,0.00134048,0.00042624
309,1.904e-05,0.0128333,0.00134368,0.00042784
310,2.192e-05,0.0129627,0.00134656,0.0004272
311,2.192e-05,0.013052,0.0013272,0.00043088
312,2.064e-05,0.0132368,0.00132208,0.000428
313,1.792e-05,0.0133806,0.00131872,0.0004288
314,2.08e-05,0.0133458,0.00131792,0.00042224
315,2.096e-05,0.0135198,0.00132352,0.00042576
316,1.808e-05,0.0134128,0.0013,0.000424
317,1.92e-05,0.0135059,0.00127872,0.00042432
318,1.856e-05,0.0133146,0.00127312,0.0004248
319,1.824e-05,0.0130435,0.00127088,0.00042448
320,1.776e-05,0.0128275,0.00128928,0.00042192
321,1.712e-05,0.0126922,0.0012944,0.00042704
322,1.776e-05,0.0124686,0.00129408,0.00042352
323,1.664e-05,0.0121307,0.00129984,0.00042288
324,1.696e-05,0.0117813,0.0013088,0.00042256
325,1.664e-05,0.0113757,0.00131024,0.00041632
326,1.712e-05,0.0108531,0.00131312,0.00042512
327,1.76e-05,0.0106835,0.0012984,0.00042272
328,2.336e-05,0.0105885,0.0013256,0.00042384
329,2.24e-05,0.0105454,0.0013328,0.00042496
330,2.256e-05,0.0105202,0.00133808,0.00042
331,2.224e-05,0.0104958,0.00135392,0.00041472
332,1.92e-05,0.0104197,0.00138112,0.0004248
333,2.288e-05,0.0103306,0.00140448,0.00042528
334,2.288e-05,0.0103232,0.00144512,0.00042176
335,4.416e-05,0.0102883,0.00146224,0.00041024
336,4.336e-05,0.0102904,0.0014864,0.000412
337,4.336e-05,0.0102968,0.00148832,0.00041104
338,4.288e-05,0.0102995,0.00148976,0.00040864
339,4.224e-05,0.0103114,0.00150336,0.00040704
340,4.208e-05,0.010315,0.00150864,0.0004096
341,4.16e-05,0.0103264,0.00151648,0.00040704
342,4.112e-05,0.0103288,0.00153808,0.00041152
343,4.032e-05,0.0103322,0.00155536,0.00041088
344,3.968e-05,0.0103301,0.0015384,0.0004112
345,3.904e-05,0.010343,0.00153808,0.00041248
346,3.84e-05,0.0103629,0.0015328,0.0004128
347,3.696e-05,0.0103998,0.0015552,0.0004144
348,3.52e-05,0.0104528,0.00154304,0.00041312
349,3.424e-05,0.0105085,0.00152656,0.00041392
350,3.328e-05,0.0105584,0.00152032,0.00041184
351,3.232e-05,0.0105896,0.00156944,0.0004152
352,3.056e-05,0.0105923,0.00160448,0.00041872
353,3.008e-05,0.0105981,0.0016352,0.00041376
354,3.024e-05,0.0105854,0.00167584,0.00041616
355,3.04e-05,0.010597,0.00168656,0.00041728
356,3.056e-05,0.010607,0.0016984,0.000412
357,3.056e-05,0.0106517,0.00173152,0.00041936
358,3.072e-05,0.0106944,0.0017296,0.00041872
359,3.12e-05,0.0107219,0.00176208,0.00042016
360,3.104e-05,0.0107323,0.00178736,0.00041664
361,3.168e-05,0.0107496,0.00179808,0.00041328
362,3.2e-05,0.0107502,0.00180736,0.00041696
363,3.184e-05,0.0107475,0.0018336,0.00041216
364,3.248e-05,0.0107467,0.00184688,0.00041552
365,3.28e-05,0.0107458,0.00186592,0.0004168
366,3.296e-05,0.0107326,0.00187328,0.00042096
367,3.328e-05,0.0107179,0.0018736,0.00041984
368,3.376e-05,0.0107022,0.00187952,0.000408
369,3.44e-05,0.0106858,0.0019024,0.00041408
370,3.584e-05,0.0106645,0.00187664,0.00041408
371,3.584e-05,0.0106376,0.00192672,0.00040832
372,3.6e-05,0.010603,0.00193632,0.00041488
373,3.52e-05,0.0105766,0.00192944,0.0004168
374,3.552e-05,0.0105523,0.00194336,0.0004112
375,3.552e-05,0.010529,0.00196608,0.00040176
376,3.696e-05,0.0104909,0.00193808,0.00040896
377,3.84e-05,0.0104342,0.00191456,0.00040656
378,4.016e-05,0.0103918,0.00194816,0.00041024
379,4.208e-05,0.0103659,0.00195296,0.00040848
380,4.4e-05,0.0103517,0.00198336,0.00040464
381,4.448e-05,0.0103525,0.00196496,0.0004064
382,4.48e-05,0.0103462,0.00194768,0.00040592
383,4.448e-05,0.0103394,0.0019272,0.00040464
384,4.48e-05,0.0103405,0.00188176,0.00040288
385,4.544e-05,0.0103371,0.0018792,0.00040512
386,4.864e-05,0.0103091,0.00170832,0.00040752
387,4.304e-05,0.0103717,0.00185904,0.00039792
388,4.256e-05,0.0103702,0.00185552,0.00039472
389,4.256e-05,0.0103885,0.0018496,0.00039136
390,4.288e-05,0.0103936,0.00169792,0.00039088
391,4.336e-05,0.010397,0.00162304,0.00038384
392,4.368e-05,0.0103984,0.00160288,0.00038736
393,4.384e-05,0.0103928,0.00159024,0.00038624
394,4.416e-05,0.010385,0.00156688,0.0003824
395,4.4e-05,0.0103803,0.00156864,0.00038352
396,4.432e-05,0.0103739,0.00152768,0.00038384
397,4.432e-05,0.0103725,0.00155344,0.0003872
398,4.4e-05,0.0103642,0.0015656,0.00038288
399,4.352e-05,0.010356,0.00155104,0.0003832
400,4.304e-05,0.0103562,0.00156336,0.00038032
401,4.256e-05,0.0103579,0.001572,0.00038384
402,4.176e-05,0.0103536,0.00155056,0.00037568
403,4.096e-05,0.0103544,0.00156112,0.00037536
404,3.984e-05,0.010356,0.00155824,0.0003768
405,3.888e-05,0.0103579,0.00154512,0.00038176
406,3.824e-05,0.0103496,0.00156064,0.00038176
407,3.76e-05,0.0103366,0.00156224,0.00038144
408,3.712e-05,0.0103246,0.00156848,0.00038112
409,3.68e-05,0.0103197,0.00157824,0.000388
410,3.616e-05,0.0103182,0.00157424,0.00038608
411,3.584e-05,0.0103173,0.00158112,0.00039136
412,3.552e-05,0.0103218,0.00159664,0.00039072
413,3.536e-05,0.0103165,0.00160608,0.00039584
414,3.488e-05,0.0103178,0.00160304,0.00039648
415,3.536e-05,0.0103266,0.00159664,0.00039584
416,3.424e-05,0.0103256,0.00160736,0.00039072
417,3.36e-05,0.0103347,0.0016032,0.00040176
418,3.312e-05,0.010343,0.00157248,0.00040064
419,3.248e-05,0.010356,0.0016024,0.00040704
420,3.168e-05,0.0103597,0.0015808,0.00040448
421,3.104e-05,0.0103688,0.00157232,0.00040944
422,3.04e-05,0.0103758,0.0015576,0.00039392
423,3.024e-05,0.0103862,0.0015648,0.00041088
424,3.024e-05,0.010396,0.00155504,0.00041184
425,3.04e-05,0.0104026,0.00154096,0.0004096
426,3.104e-05,0.0104054,0.00152672,0.00041168
427,3.104e-05,0.010413,0.00150688,0.00040832
428,3.088e-05,0.0104171,0.00149648,0.00040816
429,3.168e-05,0.0104174,0.0014848,0.0004104
430,3.184e-05,0.0104171,0.00148704,0.00041136
431,3.248e-05,0.0104206,0.00150656,0.00041296
432,3.248e-05,0.010423,0.00150816,0.00041152
433,3.312e-05,0.010428,0.00151968,0.00041152
434,3.328e-05,0.0104286,0.0015408,0.00040864
435,3.392e-05,0.0104277,0.0015664,0.00041168
436,3.44e-05,0.0104301,0.00158192,0.00041216
437,3.424e-05,0.010436,0.00159248,0.000416
438,3.344e-05,0.010451,0.00157024,0.00041216
439,3.184e-05,0.0104869,0.00152144,0.00040912
440,3.136e-05,0.0105192,0.00146736,0.0004184
441,3.136e-05,0.0105638,0.00142192,0.00041552
442,3.152e-05,0.0106323,0.00139504,0.00041984
443,3.136e-05,0.010723,0.00136736,0.00041744
444,3.152e-05,0.0108547,0.00135696,0.00041296
445,3.184e-05,0.0109762,0.00136752,0.00041648
446,3.184e-05,0.0110747,0.0013784,0.000416
447,3.184e-05,0.0111592,0.00140048,0.00041472
448,3.2e-05,0.0112181,0.00141024,0.00041824
449,3.248e-05,0.0112723,0.00141296,0.00041552
450,3.264e-05,0.0113376,0.0014072,0.00041488
451,3.2e-05,0.0114304,0.00138784,0.00041456
452,3.136e-05,0.0114598,0.00137152,0.0004208
453,2.256e-05,0.0114634,0.00135792,0.00042464
454,2.288e-05,0.0114645,0.00131248,0.0004232
455,2.336e-05,0.0114578,0.0013256,0.0004224
456,2.368e-05,0.0114509,0.00134032,0.00041904
457,2.4e-05,0.0114606,0.00134992,0.00041872
458,2.464e-05,0.0114595,0.00135696,0.00041792
459,2.56e-05,0.0114638,0.00135808,0.00041472
460,2.64e-05,0.0114674,0.0013416,0.000416
461,2.352e-05,0.0114765,0.00133232,0.00041616
462,2.88e-05,0.0114744,0.00133648,0.00040816
463,2.32e-05,0.0114701,0.00131808,0.00041216
464,2.352e-05,0.0114696,0.00131504,0.00040496
465,2.304e-05,0.011464,0.00131136,0.00041232
466,2.336e-05,0.0114614,0.00131536,0.00041216
467,2.336e-05,0.0114622,0.0013048,0.00040896
468,2.288e-05,0.0114648,0.00130816,0.00040896
469,2.288e-05,0.0114594,0.00129472,0.00041152
470,2.272e-05,0.0114571,0.00129296,0.0004112
471,2.288e-05,0.0114467,0.0012928,0.00040912
472,2.112e-05,0.011432,0.0012904,0.0004104
473,1.76e-05,0.0114256,0.0012896,0.00041856
474,1.76e-05,0.0114318,0.00129424,0.00041056
475,1.776e-05,0.0114299,0.001292,0.00041696
476,1.776e-05,0.0113461,0.00129296,0.00041616
477,1.744e-05,0.0112794,0.0012864,0.0004184
478,1.824e-05,0.0111328,0.00128704,0.00041616
479,1.824e-05,0.0110944,0.00127024,0.0004144
480,1.84e-05,0.0111594,0.0012592,0.00042144
481,1.84e-05,0.01126,0.00124896,0.0004248
482,1.792e-05,0.0111822,0.001276,0.00042832
483,1.888e-05,0.0109602,0.00132496,0.00042816
484,2.448e-05,0.010825,0.00137808,0.00042768
485,2.464e-05,0.0107618,0.00138896,0.00042528
486,2.4e-05,0.0107046,0.001388,0.00042128
487,3.024e-05,0.0106872,0.00137504,0.00041904
488,3.008e-05,0.0107163,0.001388,0.00042176
489,2.944e-05,0.0107267,0.00140784,0.00042192
490,2.928e-05,0.0107578,0.00142176,0.00041712
491,2.96e-05,0.0108298,0.00141184,0.00041888
492,2.944e-05,0.0109758,0.0014008,0.00041568
493,2.96e-05,0.0111014,0.00143008,0.00042064
494,2.976e-05,0.0111854,0.0014384,0.00042128
495,2.992e-05,0.0112123,0.00144528,0.00041712
496,3.024e-05,0.0112221,0.00144896,0.0004216
497,3.056e-05,0.0112245,0.00144384,0.00042384
498,3.024e-05,0.0112013,0.0014496,0.00041968
499,3.024e-05,0.0112011,0.0014512,0.00041728
500,3.024e-05,0.0112296,0.00146688,0.00041712
501,3.056e-05,0.0112098,0.00147344,0.0004192
502,3.024e-05,0.0111312,0.0014816,0.00041888
503,3.056e-05,0.0110675,0.00149536,0.00042
504,3.008e-05,0.0109869,0.00149552,0.00042016
505,2.576e-05,0.0108667,0.00150096,0.00042512
506,2.56e-05,0.0108288,0.00151616,0.00041792
507,2.544e-05,0.0107952,0.00151808,0.00041888
508,2.544e-05,0.0107688,0.00151856,0.00042352
509,2.576e-05,0.0107562,0.00153728,0.00042032
510,2.624e-05,0.0107637,0.00155904,0.00042032
511,2.608e-05,0.0107784,0.00155552,0.00040816
512,2.672e-05,0.0107853,0.00156608,0.0004232
513,2.656e-05,0.0107842,0.00156736,0.00041728
514,2.64e-05,0.0107773,0.00156896,0.0004248
515,2.64e-05,0.0107674,0.0015832,0.00042144
516,2.608e-05,0.0107706,0.00157888,0.00042288
517,2.544e-05,0.0107766,0.00157968,0.00041248
518,2.624e-05,0.01078,0.00158464,0.00042048
519,2.576e-05,0.0108013,0.00153824,0.00041904
520,2.512e-05,0.0108144,0.00153504,0.00041776
521,2.496e-05,0.0108286,0.00155712,0.0004208
522,2.416e-05,0.0108642,0.00155552,0.00041744
523,2.384e-05,0.010899,0.00153328,0.00041776
524,2.352e-05,0.0109536,0.00153648,0.00041296
525,2.32e-05,0.0110091,0.00153056,0.00041888
526,2.352e-05,0.0110496,0.00148784,0.0004152
527,2.368e-05,0.0110898,0.0014984,0.0004168
528,2.368e-05,0.0111224,0.0015376,0.00041712
529,2.352e-05,0.011156,0.00153648,0.00041888
530,2.384e-05,0.0112046,0.00155024,0.00041744
531,2.464e-05,0.0111939,0.00157344,0.00042096
532,2.448e-05,0.0112366,0.00158352,0.00041424
533,2.432e-05,0.0112885,0.00162128,0.00042224
534,2.448e-05,0.0113173,0.00163552,0.00041952
535,2.48e-05,0.0113811,0.00164784,0.00041376
536,2.56e-05,0.0114571,0.00168304,0.00041984
537,2.512e-05,0.0115158,0.00168256,0.00042288
538,2.432e-05,0.0115499,0.00171568,0.00042096
539,2.464e-05,0.0115517,0.00172896,0.00041728
540,2.4e-05,0.0115656,0.00175024,0.00041984
541,2.416e-05,0.0115589,0.00175984,0.00041664
542,2.432e-05,0.0115371,0.0017624,0.00041216
543,2.448e-05,0.011513,0.00178144,0.00041952
544,2.448e-05,0.0114925,0.00179504,0.00042144
545,2.464e-05,0.0114694,0.001796,0.00041472
546,2.56e-05,0.011436,0.00184208,0.00041824
547,2.56e-05,0.0114066,0.00187552,0.00041952
548,2.56e-05,0.0113693,0.001908,0.0004192
549,2.64e-05,0.0113432,0.00193392,0.00042064
550,2.736e-05,0.0113094,0.00198176,0.00041488
551,2.912e-05,0.0112912,0.00201824,0.00041696
552,3.232e-05,0.0112797,0.00200592,0.00041024
553,3.648e-05,0.0112794,0.00195488,0.00041088
554,3.664e-05,0.0112915,0.00187216,0.00040416
555,3.488e-05,0.0113006,0.00178976,0.00040864
556,3.328e-05,0.0113173,0.00179984,0.00040512
557,3.168e-05,0.0113456,0.00175824,0.00040784
558,2.976e-05,0.0113856,0.001704,0.000412
559,2.864e-05,0.0114379,0.00168416,0.00040752
560,2.848e-05,0.0114888,0.0016624,0.00041264
561,2.8e-05,0.0114821,0.00166544,0.00041152
562,2.8e-05,0.0114645,0.0016792,0.00039376
563,2.848e-05,0.0114499,0.00168816,0.00040752
564,2.928e-05,0.0114358,0.00168912,0.00041056
565,2.912e-05,0.0114278,0.0016776,0.00040912
566,2.912e-05,0.0114141,0.00172032,0.0004112
567,2.912e-05,0.0114122,0.00172192,0.00041008
568,2.912e-05,0.0114102,0.0017448,0.00041104
569,2.912e-05,0.011405,0.00176016,0.0004096
570,2.944e-05,0.0113995,0.0017728,0.00040752
571,2.928e-05,0.0113814,0.00176784,0.00041024
572,2.912e-05,0.0113584,0.00174848,0.00039488
573,2.896e-05,0.011321,0.00174688,0.0004056
574,2.832e-05,0.0112651,0.00172656,0.00040784
575,2.848e-05,0.0112221,0.00176352,0.00041008
576,2.848e-05,0.011148,0.00175632,0.00040912
577,2.832e-05,0.0110518,0.00174752,0.00040752
578,2.816e-05,0.0109304,0.00173696,0.0004144
579,2.832e-05,0.0108614,0.00175856,0.00040976
580,2.832e-05,0.0108331,0.00175696,0.00041376
581,2.816e-05,0.0108147,0.00174608,0.0004088
582,2.768e-05,0.0107789,0.00170768,0.00041104
583,2.752e-05,0.010721,0.001736,0.00041264
584,2.704e-05,0.0107128,0.00172496,0.00041008
585,2.608e-05,0.010727,0.00171776,0.00041248
586,2.544e-05,0.0107381,0.00170576,0.000416
587,2.48e-05,0.0107323,0.0017168,0.0004152
588,2.448e-05,0.0107246,0.00175504,0.00041936
589,2.336e-05,0.0107338,0.00176768,0.00042128
590,2.24e-05,0.0107243,0.00183472,0.0004216
591,2.096e-05,0.0107293,0.00188592,0.0004208
592,1.984e-05,0.01074,0.00194016,0.00042752
593,1.904e-05,0.0108163,0.0019232,0.00042448
594,1.792e-05,0.0109158,0.00182992,0.00042128
595,1.84e-05,0.0110155,0.00173536,0.00042352
596,1.824e-05,0.0112064,0.0016368,0.0004288
597,1.792e-05,0.0113002,0.00156256,0.0004256
598,1.76e-05,0.011337,0.00154656,0.00042512
599,1.696e-05,0.011368,0.00153904,0.0004288
600,1.664e-05,0.0114454,0.0015384,0.0004296
601,1.696e-05,0.0114443,0.00153392,0.0004272
602,3.152e-05,0.0111363,0.00153488,0.00042128
603,2.112e-05,0.0110693,0.00154096,0.00042624
604,2.288e-05,0.011004,0.00152448,0.00042448
605,2.224e-05,0.0109694,0.00150736,0.00042064
606,2.176e-05,0.0109381,0.0015096,0.00042544
607,2.304e-05,0.010932,0.0014888,0.000424
608,2.288e-05,0.0109126,0.00148432,0.00042112
609,2.336e-05,0.010892,0.00147328,0.000428
610,2.24e-05,0.0109589,0.00142048,0.000424
611,2.096e-05,0.0110184,0.00139152,0.00041792
612,1.952e-05,0.0110083,0.00143424,0.0004176
613,1.888e-05,0.0109582,0.00147104,0.00042352
614,1.904e-05,0.0109419,0.00150928,0.00042864
615,1.904e-05,0.0109298,0.00151936,0.00042528
616,1.936e-05,0.0109091,0.00153904,0.00042512
617,1.936e-05,0.0108912,0.001556,0.00042464
618,1.952e-05,0.0108677,0.00154992,0.00042416
619,1.92e-05,0.0108507,0.00154736,0.00041888
620,1.776e-05,0.0107554,0.00156448,0.00042432
621,1.808e-05,0.0107662,0.00156912,0.00042
622,1.904e-05,0.0108117,0.00157376,0.0004248
623,1.904e-05,0.0108104,0.00157536,0.00042096
624,2.128e-05,0.0108179,0.00158608,0.00042384
625,2.096e-05,0.0108269,0.0015872,0.00041856
626,1.968e-05,0.0108235,0.00159888,0.00042208
627,2.112e-05,0.0107949,0.00163008,0.00042048
628,3.328e-05,0.0107566,0.0016424,0.00041216
629,1.76e-05,0.0107434,0.00165984,0.00041264
630,1.824e-05,0.0107498,0.00167408,0.00042192
631,1.824e-05,0.0107488,0.00166544,0.00042464
632,1.808e-05,0.0107499,0.0017152,0.0004256
633,1.808e-05,0.0107418,0.00171984,0.00042448
634,1.824e-05,0.0107578,0.00169568,0.00042064
635,1.824e-05,0.0107835,0.00161888,0.00041872
636,1.856e-05,0.0107883,0.00158944,0.00042144
637,3.024e-05,0.0107802,0.00157696,0.00041072
638,3.008e-05,0.0107786,0.00156816,0.00040848
639,1.952e-05,0.0108016,0.00156624,0.00041632
640,2.88e-05,0.0108022,0.0015704,0.00041408
641,2.848e-05,0.0107829,0.00156368,0.00041472
642,2.768e-05,0.0107542,0.0015768,0.00041056
643,2.656e-05,0.0107035,0.00158096,0.00041472
644,2.464e-05,0.010715,0.00155712,0.0004104
645,2.368e-05,0.0107462,0.00156768,0.0004088
646,2.272e-05,0.0108061,0.00160016,0.0004152
647,2.256e-05,0.0108469,0.00159472,0.00041632
648,2.208e-05,0.0108658,0.00160896,0.00041936
649,2.224e-05,0.010861,0.0016112,0.00042048
650,2.192e-05,0.0108629,0.00163952,0.00042224
651,2.176e-05,0.0108467,0.00167328,0.00042288
652,2.096e-05,0.0107458,0.00171312,0.0004184
653,1.84e-05,0.010716,0.00165264,0.00041632
654,1.968e-05,0.0107128,0.0015792,0.00041984
655,1.968e-05,0.0107448,0.00155744,0.0004216
656,1.904e-05,0.0107806,0.0015464,0.00040784
657,2.288e-05,0.0107613,0.00154112,0.00042
658,2.256e-05,0.010761,0.0015088,0.00041872
659,1.824e-05,0.0108957,0.00154256,0.00041744
660,2.48e-05,0.0106142,0.00154832,0.0004128
661,2.464e-05,0.0106365,0.00154368,0.00041024
662,2.32e-05,0.0106344,0.00155296,0.00040704
663,2.208e-05,0.0106909,0.0015744,0.00042048
664,2.192e-05,0.0106827,0.00154528,0.00041824
665,2.208e-05,0.0106726,0.00158704,0.00042192
666,1.92e-05,0.0106589,0.00158544,0.0004192
667,1.856e-05,0.0106648,0.00159728,0.00042256
668,1.936e-05,0.0106776,0.00161616,0.00042192
669,2.144e-05,0.0106696,0.00163728,0.00041872
670,2.192e-05,0.0106994,0.0016744,0.00041984
671,2.128e-05,0.0107342,0.00167648,0.0004168
672,2.112e-05,0.0108078,0.00164176,0.00041952
673,1.84e-05,0.0106933,0.00158848,0.00041648
674,2.112e-05,0.0106437,0.00156224,0.00041792
675,1.776e-05,0.0106437,0.00157408,0.00040528
676,1.84e-05,0.0106398,0.00158416,0.00042112
677,1.92e-05,0.0106136,0.00154288,0.00041696
678,2.064e-05,0.0105434,0.0015872,0.0004168
679,3.072e-05,0.0105416,0.00158368,0.00041248
680,3.008e-05,0.0105677,0.00160304,0.00041264
681,2.96e-05,0.0105534,0.00160352,0.00041104
682,2.912e-05,0.0105891,0.00159744,0.0004096
683,2.848e-05,0.0106246,0.00160512,0.00040768
684,2.768e-05,0.0106688,0.0016312,0.00040768
685,2.72e-05,0.010725,0.00161888,0.000412
686,2.656e-05,0.0108027,0.00161984,0.00041168
687,2.704e-05,0.010859,0.00162272,0.00041552
688,2.624e-05,0.0109552,0.00162384,0.00041312
689,2.56e-05,0.0110558,0.001632,0.00041648
690,2.496e-05,0.0111349,0.0016088,0.00041136
691,2.4e-05,0.011207,0.00160512,0.00041216
692,2.304e-05,0.0112382,0.0016048,0.0004144
693,2.176e-05,0.0112501,0.00160576,0.00041792
694,2.288e-05,0.0112586,0.00159712,0.00042096
695,2.256e-05,0.0112387,0.00160016,0.00041776
696,2.096e-05,0.0112299,0.00160048,0.00042016
697,2.08e-05,0.0112742,0.00160016,0.00042032
698,2.096e-05,0.0113152,0.00160256,0.00041856
699,2.128e-05,0.0112768,0.00159952,0.00041632
700,2.128e-05,0.011257,0.00160688,0.0004152
701,2.144e-05,0.0111637,0.00161472,0.00041888
702,2.096e-05,0.0111195,0.00162272,0.00042272
703,2.08e-05,0.0111267,0.0016264,0.00041536
704,1.968e-05,0.0111056,0.00163104,0.00040512
705,2.064e-05,0.0110075,0.00162784,0.00041552
706,2.208e-05,0.0108874,0.00161088,0.00041488
707,2e-05,0.0108579,0.00161904,0.00041232
708,2.128e-05,0.0108184,0.00162752,0.00041184
709,2.112e-05,0.010784,0.00162096,0.00041024
710,2.048e-05,0.0107701,0.00163312,0.00040896
711,2e-05,0.0107733,0.00162944,0.00041216
712,1.92e-05,0.0107614,0.00161584,0.00041088
713,1.904e-05,0.0107554,0.0015928,0.00040288
714,1.904e-05,0.0107315,0.00162592,0.00040176
715,2.224e-05,0.0106627,0.0016296,0.00040112
716,1.936e-05,0.0106262,0.00162656,0.00040208
717,1.936e-05,0.0106179,0.00164912,0.00040432
718,2.016e-05,0.0106242,0.0016848,0.00039984
719,1.872e-05,0.0105954,0.00172368,0.00040576
720,2.304e-05,0.0105912,0.00175904,0.00040624
721,2.368e-05,0.0105275,0.0017744,0.00041184
722,1.92e-05,0.0105405,0.0017816,0.00041488
723,1.904e-05,0.0105419,0.0017888,0.000424
724,2.016e-05,0.0105594,0.00179728,0.00042048
725,2.016e-05,0.0105883,0.0017864,0.00042416
726,2.608e-05,0.0105846,0.00177648,0.00041792
727,2.144e-05,0.0105989,0.00178256,0.00041632
728,2.192e-05,0.0106235,0.0017704,0.00042112
729,2.176e-05,0.0106533,0.00175776,0.00041888
730,2.192e-05,0.010648,0.0017504,0.00042144
731,2.176e-05,0.0106149,0.00175824,0.00041568
732,2.88e-05,0.0105874,0.00175552,0.00041568
733,2.848e-05,0.01058,0.00171856,0.00040928
734,2.928e-05,0.010579,0.00175872,0.0004096
735,3.008e-05,0.0105768,0.0017472,0.00041008
736,2.96e-05,0.0105789,0.00175312,0.00040912
737,2.624e-05,0.0105811,0.00175616,0.0003968
738,2.128e-05,0.0105947,0.00174592,0.00041504
739,2.112e-05,0.0105968,0.00171712,0.0004168
740,2.144e-05,0.0106003,0.00174096,0.00041696
741,2.128e-05,0.0106026,0.00173264,0.00041584
742,2.128e-05,0.0106107,0.00172944,0.00041472
743,2.112e-05,0.0106214,0.0017208,0.0004176
744,2.144e-05,0.0106382,0.00171248,0.00042048
745,2.096e-05,0.010648,0.00171136,0.00041776
746,2.112e-05,0.0106626,0.00170224,0.00041552
747,2.144e-05,0.0106699,0.00171728,0.00041776
748,2.176e-05,0.0106843,0.001708,0.00041632
749,2.144e-05,0.0106925,0.00172144,0.00041632
750,2.176e-05,0.0106971,0.00171936,0.00041984
751,2.128e-05,0.0107051,0.00172192,0.00042272
752,2.144e-05,0.0107093,0.00171008,0.00042192
753,2.176e-05,0.01072,0.00170288,0.00041728
754,2.112e-05,0.0107314,0.00170512,0.00041696
755,2.304e-05,0.0107061,0.00169504,0.00042176
756,2.304e-05,0.0107147,0.00169376,0.00042256
757,2.32e-05,0.0106925,0.00169968,0.0004208
758,2.256e-05,0.0106914,0.00169744,0.0004176
759,2.144e-05,0.0106595,0.00170112,0.00041568
760,2.144e-05,0.0106339,0.00170272,0.00041552
761,2.096e-05,0.0106158,0.00170672,0.00041472
762,2.784e-05,0.0105667,0.00172352,0.00041328
763,2.768e-05,0.0105446,0.00172528,0.00041392
764,2.8e-05,0.0105461,0.0017304,0.00041056
765,2.864e-05,0.0105395,0.0017344,0.00041392
766,2.864e-05,0.0105403,0.00171504,0.00041072
767,2.832e-05,0.0105387,0.0016968,0.00041392
768,2.8e-05,0.0105398,0.0016696,0.00041264
769,2.688e-05,0.0105474,0.00163872,0.00041216
770,2.688e-05,0.0105464,0.00162048,0.00041824
771,2.672e-05,0.010551,0.00161104,0.00041696
772,2.608e-05,0.0105546,0.00160304,0.00041088
773,2.624e-05,0.0105643,0.00158976,0.000416
774,2.608e-05,0.010573,0.0015688,0.00041568
775,2.576e-05,0.0105763,0.0015632,0.00041984
776,2.544e-05,0.010585,0.00156704,0.00041472
777,2.304e-05,0.0105496,0.00154896,0.00041984
778,2.24e-05,0.0105384,0.00152768,0.00041904
779,2.192e-05,0.0105102,0.00153008,0.00042048
780,2.144e-05,0.0104846,0.00152608,0.00042528
781,2.96e-05,0.0104434,0.00150352,0.00041824
782,3.072e-05,0.0104402,0.0014944,0.00042208
783,3.184e-05,0.0104259,0.00149856,0.0004144
784,3.168e-05,0.0104309,0.00147968,0.00041472
785,3.12e-05,0.0104453,0.00148496,0.00041792
786,3.104e-05,0.0104563,0.00150016,0.0004176
787,3.072e-05,0.0104794,0.00149808,0.00041904
788,3.024e-05,0.0105019,0.00147792,0.00041424
789,2.448e-05,0.0105222,0.00143328,0.00041968
790,2.384e-05,0.0105456,0.00145744,0.00041888
791,2.4e-05,0.0105744,0.00144688,0.00041712
792,2.432e-05,0.0105858,0.00144096,0.00042224
793,2.432e-05,0.0106294,0.00144192,0.00041856
794,1.968e-05,0.0106853,0.00145376,0.00042896
795,2.16e-05,0.0106744,0.00141984,0.0004224
796,2.192e-05,0.0107098,0.0014584,0.00042512
797,2.144e-05,0.0107461,0.00146704,0.00042752
798,2.192e-05,0.0107888,0.00147456,0.00042592
799,2.144e-05,0.0108253,0.00148496,0.00042032
800,2.176e-05,0.0108507,0.00149648,0.000424
801,2.176e-05,0.0108888,0.00147584,0.00041584
802,2.464e-05,0.0109027,0.00150048,0.00042176
803,2.512e-05,0.0109093,0.00150816,0.00041968
804,2.304e-05,0.0108736,0.00150928,0.000424
805,2.272e-05,0.0108691,0.00152672,0.0004216
806,1.968e-05,0.0108722,0.00150992,0.00042064
807,1.936e-05,0.0108971,0.0015184,0.00041904
808,1.872e-05,0.0109309,0.0015168,0.0004232
809,1.744e-05,0.0109819,0.00152128,0.000424
810,1.904e-05,0.0107162,0.00153808,0.00042096
811,1.952e-05,0.0106115,0.0015424,0.00042416
812,2.016e-05,0.0106186,0.0015664,0.00042224
813,2.064e-05,0.0106282,0.00158096,0.00042352
814,2e-05,0.010652,0.00159664,0.00042032
815,2.112e-05,0.0106634,0.00160192,0.00041728
816,2.144e-05,0.0106869,0.00163584,0.00041872
817,2.128e-05,0.0107195,0.00165264,0.00042
818,2.144e-05,0.0107509,0.0016576,0.00042368
819,2.176e-05,0.0107933,0.00167776,0.00041936
820,2.176e-05,0.0108286,0.00170512,0.00042304
821,2.112e-05,0.0108562,0.00174,0.00041792
822,2.608e-05,0.0108531,0.00179056,0.0004112
823,2.4e-05,0.0108018,0.0018112,0.00041712
824,2.416e-05,0.0107954,0.00183552,0.00041536
825,2.448e-05,0.010765,0.00186096,0.0004128
826,2.48e-05,0.0107246,0.00191104,0.00041152
827,2.416e-05,0.0106936,0.00196864,0.00040768
828,2.384e-05,0.0106672,0.0020112,0.00040784
829,2.352e-05,0.0106534,0.00203488,0.00040736
830,2.384e-05,0.010641,0.00202928,0.00040496
831,2.432e-05,0.0106325,0.00200592,0.0004032
832,2.48e-05,0.0106291,0.0020072,0.0004168
833,3.136e-05,0.0106203,0.00200896,0.00040896
834,2.928e-05,0.0106224,0.00198144,0.0004184
835,2.848e-05,0.0106024,0.0019544,0.00041328
836,2.72e-05,0.0105923,0.00189072,0.0004232
837,2.64e-05,0.0105958,0.00179824,0.00042
838,2.528e-05,0.0105909,0.0017976,0.00041904
839,2.464e-05,0.0105898,0.0018,0.00042128
840,2.48e-05,0.0105683,0.00181088,0.00042
841,2.432e-05,0.0105672,0.00186944,0.00041776
842,2.448e-05,0.0105552,0.00194512,0.00042592
843,2.528e-05,0.0105469,0.00190624,0.00042112
844,2.528e-05,0.0105429,0.00188752,0.00041872
845,2.656e-05,0.0105494,0.0018696,0.00041152
846,2.8e-05,0.0105605,0.00181248,0.00041616
847,2.992e-05,0.0105651,0.00176672,0.0004048
848,3.04e-05,0.0105666,0.00168624,0.00040624
849,3.056e-05,0.0105406,0.00161664,0.0003992
850,3.056e-05,0.0105168,0.00155184,0.00039536
851,3.12e-05,0.0104946,0.00151392,0.000396
852,3.168e-05,0.0104838,0.001488,0.00039088
853,3.2e-05,0.0104718,0.0014768,0.00038672
854,3.264e-05,0.0104619,0.001456,0.00038592
855,3.344e-05,0.0104518,0.00144304,0.0003832
856,3.344e-05,0.010448,0.00141728,0.00038528
857,3.424e-05,0.0104453,0.00139072,0.00038016
858,3.44e-05,0.0104493,0.00135264,0.00037568
859,3.44e-05,0.0104458,0.0013088,0.00036016
860,3.488e-05,0.0104638,0.00128832,0.00037792
861,3.536e-05,0.0104674,0.00126384,0.00037024
862,3.552e-05,0.0104787,0.00124432,0.000368
863,3.568e-05,0.0104786,0.001232,0.00037184
864,3.584e-05,0.0104885,0.0012248,0.0003552
865,3.6e-05,0.0104909,0.00121792,0.00036592
866,3.6e-05,0.010496,0.00121488,0.0003712
867,3.584e-05,0.010499,0.00121952,0.00036768
868,3.6e-05,0.010501,0.00121392,0.00036544
869,3.536e-05,0.0105091,0.0012064,0.0003544
870,3.552e-05,0.0105162,0.00119952,0.00037008
871,3.488e-05,0.0105221,0.00120256,0.00036592
872,3.424e-05,0.0105264,0.00118528,0.00036816
873,3.392e-05,0.0105286,0.00116528,0.00036848
874,3.344e-05,0.0105357,0.00114896,0.0003504
875,3.296e-05,0.0105534,0.0010824,0.00036848
876,3.248e-05,0.0105614,0.00104224,0.0003584
877,3.328e-05,0.0105678,0.00102272,0.00035856
878,3.44e-05,0.010571,0.00102304,0.00036016
879,3.616e-05,0.0105771,0.00102592,0.00035648
880,3.776e-05,0.010579,0.00101744,0.00035552
881,3.744e-05,0.0105877,0.00101488,0.0003528
882,3.76e-05,0.0105898,0.00101824,0.00034912
883,3.792e-05,0.0105915,0.00101424,0.00034944
884,3.84e-05,0.0106008,0.00101248,0.00034928
885,3.856e-05,0.0106066,0.0009896,0.00034304
886,3.856e-05,0.0106101,0.00100624,0.0003488
887,3.888e-05,0.0106206,0.00100032,0.00034176
888,3.888e-05,0.0106275,0.00099136,0.00034336
889,3.904e-05,0.0106406,0.00099024,0.00033872
890,3.904e-05,0.0106501,0.00096144,0.0003344
891,3.888e-05,0.0106637,0.00097936,0.0003392
892,3.904e-05,0.0106701,0.0009752,0.00033504
893,3.888e-05,0.0106864,0.00096848,0.00033744
894,3.872e-05,0.0107003,0.0009568,0.000332
895,3.84e-05,0.0107168,0.00093264,0.00032816
896,3.808e-05,0.0107354,0.00094,0.00032944
897,3.76e-05,0.0107558,0.0009392,0.00032368
898,3.712e-05,0.0107795,0.00092848,0.00032192
899,3.648e-05,0.0108048,0.00092,0.00032272
900,3.568e-05,0.0108242,0.00090144,0.00032384
901,3.488e-05,0.0108456,0.00090928,0.00031968
902,3.408e-05,0.0108675,0.00090816,0.0003168
903,3.344e-05,0.0109014,0.00088864,0.00031968
904,3.296e-05,0.0109214,0.00088144,0.00031424
905,3.232e-05,0.0109475,0.0008656,0.00031728
906,3.136e-05,0.0109845,0.00087136,0.000316
907,3.04e-05,0.0110018,0.00086928,0.00031552
908,3.008e-05,0.0110341,0.00086272,0.00031536
909,2.944e-05,0.0110592,0.00085936,0.00030784
910,2.864e-05,0.0111005,0.00085888,0.00031232
911,2.8e-05,0.0111282,0.00085824,0.00031216
912,2.752e-05,0.0111931,0.000856,0.00031264
913,2.704e-05,0.0112413,0.00085328,0.00030944
914,2.608e-05,0.0112931,0.0008632,0.00031248
915,2.544e-05,0.0113734,0.00085648,0.00031328
916,2.496e-05,0.0114509,0.00086864,0.0003136
917,2.464e-05,0.0114782,0.00087824,0.00030976
918,2.464e-05,0.0114797,0.00089152,0.00031296
919,2.432e-05,0.0114742,0.00089888,0.00031392
920,2.432e-05,0.0114741,0.00092704,0.00031392
921,2.464e-05,0.0114722,0.0009848,0.00031152
922,2.384e-05,0.0114675,0.00103056,0.0003176
923,2.4e-05,0.0114362,0.00106064,0.00031648
924,2.368e-05,0.0114365,0.00107696,0.00031936
925,2.304e-05,0.0114208,0.0010912,0.00032464
926,2.32e-05,0.0114238,0.0011184,0.00032352
927,2.24e-05,0.0114438,0.0011408,0.00031808
928,2.288e-05,0.0114448,0.00116016,0.00032944
929,2.272e-05,0.0114437,0.00116208,0.00032704
930,2.224e-05,0.0114538,0.00119664,0.00032528
931,2.224e-05,0.01148,0.00121488,0.0003296
932,2.208e-05,0.0114776,0.00123008,0.00033408
933,2.176e-05,0.0114915,0.00124,0.00033184
934,2.08e-05,0.0115179,0.00124608,0.00033072
935,2.128e-05,0.0115446,0.00124928,0.0003272
936,2.08e-05,0.0115651,0.00124736,0.00033456
937,2.064e-05,0.0115504,0.0012616,0.00033072
938,2.032e-05,0.011619,0.00125728,0.00032688
939,2.016e-05,0.0116262,0.00126128,0.00032768
940,2.016e-05,0.011679,0.00124896,0.00032816
941,2e-05,0.0117338,0.00123392,0.00033184
942,1.984e-05,0.0117702,0.00123472,0.0003256
943,1.968e-05,0.0118182,0.0012184,0.00032528
944,1.968e-05,0.0118547,0.00120608,0.00032368
945,1.952e-05,0.011859,0.00118592,0.00032352
946,1.952e-05,0.011936,0.00116768,0.00032128
947,1.936e-05,0.011971,0.0011456,0.00031712
948,1.92e-05,0.0120037,0.00112656,0.0003208
949,1.904e-05,0.012043,0.00110976,0.0003176
950,1.92e-05,0.0121021,0.00108208,0.000316
951,1.936e-05,0.0121539,0.00106848,0.0003168
952,1.904e-05,0.012187,0.0010416,0.00031216
953,1.92e-05,0.0122325,0.0010328,0.00031152
954,1.888e-05,0.0122445,0.00101424,0.0003112
955,1.904e-05,0.0123083,0.00099872,0.00031168
956,1.904e-05,0.012337,0.00098208,0.00030928
957,1.888e-05,0.0123586,0.0009608,0.00030704
958,1.904e-05,0.0123755,0.00095952,0.00031136
959,1.888e-05,0.012429,0.0009408,0.00030656
960,1.872e-05,0.0124422,0.0009288,0.0003072
961,1.888e-05,0.0124666,0.00092192,0.0003056
962,1.888e-05,0.0124707,0.00091648,0.00030832
963,1.904e-05,0.012496,0.00090512,0.00030592
964,1.872e-05,0.0124806,0.00091344,0.00030384
965,1.744e-05,0.0125192,0.0009112,0.00030448
966,1.776e-05,0.012521,0.00091152,0.00030592
967,1.744e-05,0.0125483,0.00091552,0.0003088
968,1.776e-05,0.0125592,0.0009208,0.00030928
969,2.752e-05,0.0126341,0.00092896,0.00030288
970,1.76e-05,0.0125747,0.00094496,0.0003112
971,1.936e-05,0.0126016,0.00094064,0.0003112
972,1.888e-05,0.0125918,0.000952,0.00029936
973,2.64e-05,0.0126291,0.00097584,0.000304
974,2.64e-05,0.0126344,0.00098912,0.00030816
975,2.592e-05,0.0126278,0.00099504,0.00030736
976,2.112e-05,0.0126256,0.00102352,0.00031232
977,2.16e-05,0.0126829,0.00104352,0.00031456
978,2.16e-05,0.0126978,0.00106032,0.00031728
979,2.64e-05,0.0127499,0.00108384,0.0003176
980,2.256e-05,0.012808,0.00110688,0.00031904
981,2.096e-05,0.0128635,0.00112912,0.00032336
982,2.016e-05,0.0128506,0.00115488,0.00032304
983,2.128e-05,0.0127947,0.00117856,0.0003256
984,2.032e-05,0.0126813,0.00119824,0.00032384
985,1.968e-05,0.0125965,0.00122,0.00033168
986,2.08e-05,0.0124821,0.00124784,0.0003288
987,1.952e-05,0.0123734,0.00126336,0.00033056
988,1.936e-05,0.0122573,0.0012864,0.0003304
989,1.904e-05,0.012168,0.00129568,0.00033184
990,1.888e-05,0.0120882,0.00130448,0.00033568
991,1.92e-05,0.0120282,0.00135872,0.00033216
992,1.936e-05,0.0119906,0.00137408,0.00033424
993,1.792e-05,0.0120141,0.00138112,0.00033568
994,1.728e-05,0.0120576,0.00140528,0.00034032
995,1.696e-05,0.0121768,0.00143152,0.00033568
996,1.728e-05,0.0122622,0.00145712,0.00034192
997,1.712e-05,0.0122474,0.00148224,0.00034272
998,1.696e-05,0.0122242,0.00150768,0.00034688
999,1.696e-05,0.0122203,0.00153024,0.0003424
